<?xml version="1.0" encoding="UTF-8"?>
<GenRun Id="impl_1" LaunchPart="xc7a35tcpg236-1" LaunchTime="1557886388">
  <File Type="BITSTR-BMM" Name="teste_neuronio_gmbh_bd.bmm"/>
  <File Type="OPT-METHODOLOGY-DRC" Name="teste_neuronio_gmbh_methodology_drc_opted.rpt"/>
  <File Type="INIT-TIMING" Name="teste_neuronio_gmbh_timing_summary_init.rpt"/>
  <File Type="ROUTE-PWR" Name="teste_neuronio_gmbh_power_routed.rpt"/>
  <File Type="PA-TCL" Name="teste_neuronio_gmbh.tcl"/>
  <File Type="OPT-TIMING" Name="teste_neuronio_gmbh_timing_summary_opted.rpt"/>
  <File Type="OPT-DCP" Name="teste_neuronio_gmbh_opt.dcp"/>
  <File Type="ROUTE-PWR-SUM" Name="teste_neuronio_gmbh_power_summary_routed.pb"/>
  <File Type="REPORTS-TCL" Name="teste_neuronio_gmbh_reports.tcl"/>
  <File Type="OPT-DRC" Name="teste_neuronio_gmbh_drc_opted.rpt"/>
  <File Type="OPT-HWDEF" Name="teste_neuronio_gmbh.hwdef"/>
  <File Type="PWROPT-DCP" Name="teste_neuronio_gmbh_pwropt.dcp"/>
  <File Type="PWROPT-DRC" Name="teste_neuronio_gmbh_drc_pwropted.rpt"/>
  <File Type="PWROPT-TIMING" Name="teste_neuronio_gmbh_timing_summary_pwropted.rpt"/>
  <File Type="PLACE-DCP" Name="teste_neuronio_gmbh_placed.dcp"/>
  <File Type="PLACE-IO" Name="teste_neuronio_gmbh_io_placed.rpt"/>
  <File Type="PLACE-CLK" Name="teste_neuronio_gmbh_clock_utilization_placed.rpt"/>
  <File Type="PLACE-UTIL" Name="teste_neuronio_gmbh_utilization_placed.rpt"/>
  <File Type="PLACE-UTIL-PB" Name="teste_neuronio_gmbh_utilization_placed.pb"/>
  <File Type="PLACE-CTRL" Name="teste_neuronio_gmbh_control_sets_placed.rpt"/>
  <File Type="PLACE-SIMILARITY" Name="teste_neuronio_gmbh_incremental_reuse_placed.rpt"/>
  <File Type="PLACE-PRE-SIMILARITY" Name="teste_neuronio_gmbh_incremental_reuse_pre_placed.rpt"/>
  <File Type="BG-BGN" Name="teste_neuronio_gmbh.bgn"/>
  <File Type="PLACE-TIMING" Name="teste_neuronio_gmbh_timing_summary_placed.rpt"/>
  <File Type="POSTPLACE-PWROPT-DCP" Name="teste_neuronio_gmbh_postplace_pwropt.dcp"/>
  <File Type="BG-BIN" Name="teste_neuronio_gmbh.bin"/>
  <File Type="POSTPLACE-PWROPT-TIMING" Name="teste_neuronio_gmbh_timing_summary_postplace_pwropted.rpt"/>
  <File Type="PHYSOPT-DCP" Name="teste_neuronio_gmbh_physopt.dcp"/>
  <File Type="PHYSOPT-DRC" Name="teste_neuronio_gmbh_drc_physopted.rpt"/>
  <File Type="BITSTR-MSK" Name="teste_neuronio_gmbh.msk"/>
  <File Type="PHYSOPT-TIMING" Name="teste_neuronio_gmbh_timing_summary_physopted.rpt"/>
  <File Type="ROUTE-ERROR-DCP" Name="teste_neuronio_gmbh_routed_error.dcp"/>
  <File Type="ROUTE-DCP" Name="teste_neuronio_gmbh_routed.dcp"/>
  <File Type="ROUTE-BLACKBOX-DCP" Name="teste_neuronio_gmbh_routed_bb.dcp"/>
  <File Type="ROUTE-DRC" Name="teste_neuronio_gmbh_drc_routed.rpt"/>
  <File Type="ROUTE-DRC-PB" Name="teste_neuronio_gmbh_drc_routed.pb"/>
  <File Type="BITSTR-LTX" Name="debug_nets.ltx"/>
  <File Type="BITSTR-LTX" Name="teste_neuronio_gmbh.ltx"/>
  <File Type="ROUTE-DRC-RPX" Name="teste_neuronio_gmbh_drc_routed.rpx"/>
  <File Type="BITSTR-MMI" Name="teste_neuronio_gmbh.mmi"/>
  <File Type="ROUTE-METHODOLOGY-DRC" Name="teste_neuronio_gmbh_methodology_drc_routed.rpt"/>
  <File Type="ROUTE-METHODOLOGY-DRC-RPX" Name="teste_neuronio_gmbh_methodology_drc_routed.rpx"/>
  <File Type="BITSTR-SYSDEF" Name="teste_neuronio_gmbh.sysdef"/>
  <File Type="ROUTE-METHODOLOGY-DRC-PB" Name="teste_neuronio_gmbh_methodology_drc_routed.pb"/>
  <File Type="ROUTE-PWR-RPX" Name="teste_neuronio_gmbh_power_routed.rpx"/>
  <File Type="ROUTE-STATUS" Name="teste_neuronio_gmbh_route_status.rpt"/>
  <File Type="ROUTE-STATUS-PB" Name="teste_neuronio_gmbh_route_status.pb"/>
  <File Type="ROUTE-TIMINGSUMMARY" Name="teste_neuronio_gmbh_timing_summary_routed.rpt"/>
  <File Type="ROUTE-TIMING-PB" Name="teste_neuronio_gmbh_timing_summary_routed.pb"/>
  <File Type="ROUTE-TIMING-RPX" Name="teste_neuronio_gmbh_timing_summary_routed.rpx"/>
  <File Type="ROUTE-SIMILARITY" Name="teste_neuronio_gmbh_incremental_reuse_routed.rpt"/>
  <File Type="ROUTE-CLK" Name="teste_neuronio_gmbh_clock_utilization_routed.rpt"/>
  <File Type="ROUTE-BUS-SKEW" Name="teste_neuronio_gmbh_bus_skew_routed.rpt"/>
  <File Type="ROUTE-BUS-SKEW-PB" Name="teste_neuronio_gmbh_bus_skew_routed.pb"/>
  <File Type="ROUTE-BUS-SKEW-RPX" Name="teste_neuronio_gmbh_bus_skew_routed.rpx"/>
  <File Type="POSTROUTE-PHYSOPT-DCP" Name="teste_neuronio_gmbh_postroute_physopt.dcp"/>
  <File Type="POSTROUTE-PHYSOPT-BLACKBOX-DCP" Name="teste_neuronio_gmbh_postroute_physopt_bb.dcp"/>
  <File Type="POSTROUTE-PHYSOPT-TIMING" Name="teste_neuronio_gmbh_timing_summary_postroute_physopted.rpt"/>
  <File Type="POSTROUTE-PHYSOPT-TIMING-PB" Name="teste_neuronio_gmbh_timing_summary_postroute_physopted.pb"/>
  <File Type="POSTROUTE-PHYSOPT-TIMING-RPX" Name="teste_neuronio_gmbh_timing_summary_postroute_physopted.rpx"/>
  <File Type="POSTROUTE-PHYSOPT-BUS-SKEW" Name="teste_neuronio_gmbh_bus_skew_postroute_physopted.rpt"/>
  <File Type="POSTROUTE-PHYSOPT-BUS-SKEW-PB" Name="teste_neuronio_gmbh_bus_skew_postroute_physopted.pb"/>
  <File Type="BG-BIT" Name="teste_neuronio_gmbh.bit"/>
  <File Type="POSTROUTE-PHYSOPT-BUS-SKEW-RPX" Name="teste_neuronio_gmbh_bus_skew_postroute_physopted.rpx"/>
  <File Type="BITSTR-RBT" Name="teste_neuronio_gmbh.rbt"/>
  <File Type="BITSTR-NKY" Name="teste_neuronio_gmbh.nky"/>
  <File Type="BG-DRC" Name="teste_neuronio_gmbh.drc"/>
  <File Type="RDI-RDI" Name="teste_neuronio_gmbh.vdi"/>
  <File Type="WBT-USG" Name="usage_statistics_webtalk.html"/>
  <FileSet Name="sources" Type="DesignSrcs" RelSrcDir="$PSRCDIR/sources_1">
    <Filter Type="Srcs"/>
    <File Path="$PSRCDIR/sources_1/imports/simauto/fpupack.vhd">
      <FileInfo>
        <Attr Name="ImportPath" Val="$PPRDIR/../../../Circuitos_Reconfiguraveis/simauto/fpupack.vhd"/>
        <Attr Name="ImportTime" Val="1556192206"/>
        <Attr Name="UsedIn" Val="synthesis"/>
        <Attr Name="UsedIn" Val="simulation"/>
      </FileInfo>
    </File>
    <File Path="$PSRCDIR/sources_1/imports/simauto/addsubfsm_v6.vhd">
      <FileInfo>
        <Attr Name="ImportPath" Val="$PPRDIR/../../../Circuitos_Reconfiguraveis/simauto/addsubfsm_v6.vhd"/>
        <Attr Name="ImportTime" Val="1556192206"/>
        <Attr Name="UsedIn" Val="synthesis"/>
        <Attr Name="UsedIn" Val="simulation"/>
      </FileInfo>
    </File>
    <File Path="$PSRCDIR/sources_1/imports/simauto/entities.vhd">
      <FileInfo>
        <Attr Name="ImportPath" Val="$PPRDIR/../../../Circuitos_Reconfiguraveis/simauto/entities.vhd"/>
        <Attr Name="ImportTime" Val="1556192206"/>
        <Attr Name="UsedIn" Val="synthesis"/>
        <Attr Name="UsedIn" Val="simulation"/>
      </FileInfo>
    </File>
    <File Path="$PSRCDIR/sources_1/imports/simauto/multiplierfsm_v2.vhd">
      <FileInfo>
        <Attr Name="ImportPath" Val="$PPRDIR/../../../Circuitos_Reconfiguraveis/simauto/multiplierfsm_v2.vhd"/>
        <Attr Name="ImportTime" Val="1556192206"/>
        <Attr Name="UsedIn" Val="synthesis"/>
        <Attr Name="UsedIn" Val="simulation"/>
      </FileInfo>
    </File>
    <File Path="$PSRCDIR/sources_1/new/neuronio_gmbh.vhd">
      <FileInfo>
        <Attr Name="UsedIn" Val="synthesis"/>
        <Attr Name="UsedIn" Val="simulation"/>
      </FileInfo>
    </File>
    <File Path="$PSRCDIR/sources_1/new/teste_neuronio_gmbh.vhd">
      <FileInfo>
        <Attr Name="UsedIn" Val="synthesis"/>
        <Attr Name="UsedIn" Val="simulation"/>
      </FileInfo>
    </File>
    <Config>
      <Option Name="DesignMode" Val="RTL"/>
      <Option Name="TopModule" Val="teste_neuronio_gmbh"/>
      <Option Name="TopAutoSet" Val="TRUE"/>
    </Config>
  </FileSet>
  <FileSet Name="constrs_in" Type="Constrs" RelSrcDir="$PSRCDIR/constrs_1">
    <Filter Type="Constrs"/>
    <File Path="$PSRCDIR/constrs_1/imports/basys3_master/Basys3_Master.xdc">
      <FileInfo>
        <Attr Name="ImportPath" Val="$PPRDIR/../../../basys3_master/Basys3_Master.xdc"/>
        <Attr Name="ImportTime" Val="1554386555"/>
        <Attr Name="UsedIn" Val="synthesis"/>
        <Attr Name="UsedIn" Val="implementation"/>
      </FileInfo>
    </File>
    <Config>
      <Option Name="ConstrsType" Val="XDC"/>
    </Config>
  </FileSet>
  <FileSet Name="utils" Type="Utils" RelSrcDir="$PSRCDIR/utils_1">
    <Filter Type="Utils"/>
    <Config>
      <Option Name="TopAutoSet" Val="TRUE"/>
    </Config>
  </FileSet>
  <Strategy Version="1" Minor="2">
    <StratHandle Name="Vivado Implementation Defaults" Flow="Vivado Implementation 2018"/>
    <Step Id="init_design"/>
    <Step Id="opt_design"/>
    <Step Id="power_opt_design"/>
    <Step Id="place_design"/>
    <Step Id="post_place_power_opt_design"/>
    <Step Id="phys_opt_design"/>
    <Step Id="route_design"/>
    <Step Id="post_route_phys_opt_design"/>
    <Step Id="write_bitstream"/>
  </Strategy>
</GenRun>
