<?xml version="1.0" encoding="UTF-8"?>
<GenRun Id="impl_1" LaunchPart="xc7a35tcpg236-1" LaunchTime="1557931681">
  <File Type="BITSTR-BMM" Name="test_ping_pong_bd.bmm"/>
  <File Type="OPT-METHODOLOGY-DRC" Name="test_ping_pong_methodology_drc_opted.rpt"/>
  <File Type="INIT-TIMING" Name="test_ping_pong_timing_summary_init.rpt"/>
  <File Type="ROUTE-PWR" Name="test_ping_pong_power_routed.rpt"/>
  <File Type="PA-TCL" Name="test_ping_pong.tcl"/>
  <File Type="OPT-TIMING" Name="test_ping_pong_timing_summary_opted.rpt"/>
  <File Type="OPT-DCP" Name="test_ping_pong_opt.dcp"/>
  <File Type="ROUTE-PWR-SUM" Name="test_ping_pong_power_summary_routed.pb"/>
  <File Type="REPORTS-TCL" Name="test_ping_pong_reports.tcl"/>
  <File Type="OPT-DRC" Name="test_ping_pong_drc_opted.rpt"/>
  <File Type="OPT-HWDEF" Name="test_ping_pong.hwdef"/>
  <File Type="PWROPT-DCP" Name="test_ping_pong_pwropt.dcp"/>
  <File Type="PWROPT-DRC" Name="test_ping_pong_drc_pwropted.rpt"/>
  <File Type="PWROPT-TIMING" Name="test_ping_pong_timing_summary_pwropted.rpt"/>
  <File Type="PLACE-DCP" Name="test_ping_pong_placed.dcp"/>
  <File Type="PLACE-IO" Name="test_ping_pong_io_placed.rpt"/>
  <File Type="PLACE-CLK" Name="test_ping_pong_clock_utilization_placed.rpt"/>
  <File Type="PLACE-UTIL" Name="test_ping_pong_utilization_placed.rpt"/>
  <File Type="PLACE-UTIL-PB" Name="test_ping_pong_utilization_placed.pb"/>
  <File Type="PLACE-CTRL" Name="test_ping_pong_control_sets_placed.rpt"/>
  <File Type="PLACE-SIMILARITY" Name="test_ping_pong_incremental_reuse_placed.rpt"/>
  <File Type="PLACE-PRE-SIMILARITY" Name="test_ping_pong_incremental_reuse_pre_placed.rpt"/>
  <File Type="BG-BGN" Name="test_ping_pong.bgn"/>
  <File Type="PLACE-TIMING" Name="test_ping_pong_timing_summary_placed.rpt"/>
  <File Type="POSTPLACE-PWROPT-DCP" Name="test_ping_pong_postplace_pwropt.dcp"/>
  <File Type="BG-BIN" Name="test_ping_pong.bin"/>
  <File Type="POSTPLACE-PWROPT-TIMING" Name="test_ping_pong_timing_summary_postplace_pwropted.rpt"/>
  <File Type="PHYSOPT-DCP" Name="test_ping_pong_physopt.dcp"/>
  <File Type="PHYSOPT-DRC" Name="test_ping_pong_drc_physopted.rpt"/>
  <File Type="BITSTR-MSK" Name="test_ping_pong.msk"/>
  <File Type="PHYSOPT-TIMING" Name="test_ping_pong_timing_summary_physopted.rpt"/>
  <File Type="ROUTE-ERROR-DCP" Name="test_ping_pong_routed_error.dcp"/>
  <File Type="ROUTE-DCP" Name="test_ping_pong_routed.dcp"/>
  <File Type="ROUTE-BLACKBOX-DCP" Name="test_ping_pong_routed_bb.dcp"/>
  <File Type="ROUTE-DRC" Name="test_ping_pong_drc_routed.rpt"/>
  <File Type="ROUTE-DRC-PB" Name="test_ping_pong_drc_routed.pb"/>
  <File Type="BITSTR-LTX" Name="debug_nets.ltx"/>
  <File Type="BITSTR-LTX" Name="test_ping_pong.ltx"/>
  <File Type="ROUTE-DRC-RPX" Name="test_ping_pong_drc_routed.rpx"/>
  <File Type="BITSTR-MMI" Name="test_ping_pong.mmi"/>
  <File Type="ROUTE-METHODOLOGY-DRC" Name="test_ping_pong_methodology_drc_routed.rpt"/>
  <File Type="ROUTE-METHODOLOGY-DRC-RPX" Name="test_ping_pong_methodology_drc_routed.rpx"/>
  <File Type="BITSTR-SYSDEF" Name="test_ping_pong.sysdef"/>
  <File Type="ROUTE-METHODOLOGY-DRC-PB" Name="test_ping_pong_methodology_drc_routed.pb"/>
  <File Type="ROUTE-PWR-RPX" Name="test_ping_pong_power_routed.rpx"/>
  <File Type="ROUTE-STATUS" Name="test_ping_pong_route_status.rpt"/>
  <File Type="ROUTE-STATUS-PB" Name="test_ping_pong_route_status.pb"/>
  <File Type="ROUTE-TIMINGSUMMARY" Name="test_ping_pong_timing_summary_routed.rpt"/>
  <File Type="ROUTE-TIMING-PB" Name="test_ping_pong_timing_summary_routed.pb"/>
  <File Type="ROUTE-TIMING-RPX" Name="test_ping_pong_timing_summary_routed.rpx"/>
  <File Type="ROUTE-SIMILARITY" Name="test_ping_pong_incremental_reuse_routed.rpt"/>
  <File Type="ROUTE-CLK" Name="test_ping_pong_clock_utilization_routed.rpt"/>
  <File Type="ROUTE-BUS-SKEW" Name="test_ping_pong_bus_skew_routed.rpt"/>
  <File Type="ROUTE-BUS-SKEW-PB" Name="test_ping_pong_bus_skew_routed.pb"/>
  <File Type="ROUTE-BUS-SKEW-RPX" Name="test_ping_pong_bus_skew_routed.rpx"/>
  <File Type="POSTROUTE-PHYSOPT-DCP" Name="test_ping_pong_postroute_physopt.dcp"/>
  <File Type="POSTROUTE-PHYSOPT-BLACKBOX-DCP" Name="test_ping_pong_postroute_physopt_bb.dcp"/>
  <File Type="POSTROUTE-PHYSOPT-TIMING" Name="test_ping_pong_timing_summary_postroute_physopted.rpt"/>
  <File Type="POSTROUTE-PHYSOPT-TIMING-PB" Name="test_ping_pong_timing_summary_postroute_physopted.pb"/>
  <File Type="POSTROUTE-PHYSOPT-TIMING-RPX" Name="test_ping_pong_timing_summary_postroute_physopted.rpx"/>
  <File Type="POSTROUTE-PHYSOPT-BUS-SKEW" Name="test_ping_pong_bus_skew_postroute_physopted.rpt"/>
  <File Type="POSTROUTE-PHYSOPT-BUS-SKEW-PB" Name="test_ping_pong_bus_skew_postroute_physopted.pb"/>
  <File Type="BG-BIT" Name="test_ping_pong.bit"/>
  <File Type="POSTROUTE-PHYSOPT-BUS-SKEW-RPX" Name="test_ping_pong_bus_skew_postroute_physopted.rpx"/>
  <File Type="BITSTR-RBT" Name="test_ping_pong.rbt"/>
  <File Type="BITSTR-NKY" Name="test_ping_pong.nky"/>
  <File Type="BG-DRC" Name="test_ping_pong.drc"/>
  <File Type="RDI-RDI" Name="test_ping_pong.vdi"/>
  <File Type="WBT-USG" Name="usage_statistics_webtalk.html"/>
  <FileSet Name="sources" Type="DesignSrcs" RelSrcDir="$PSRCDIR/sources_1">
    <Filter Type="Srcs"/>
    <File Path="$PSRCDIR/sources_1/imports/new/display_decoder.vhd">
      <FileInfo>
        <Attr Name="ImportPath" Val="$PPRDIR/../../Prova1/funcao_sensorial/funcao_sensorial.srcs/sources_1/new/display_decoder.vhd"/>
        <Attr Name="ImportTime" Val="1557425393"/>
        <Attr Name="UsedIn" Val="synthesis"/>
        <Attr Name="UsedIn" Val="simulation"/>
      </FileInfo>
    </File>
    <File Path="$PSRCDIR/sources_1/new/fsm_ping_pong.vhd">
      <FileInfo>
        <Attr Name="UsedIn" Val="synthesis"/>
        <Attr Name="UsedIn" Val="simulation"/>
      </FileInfo>
    </File>
    <File Path="$PSRCDIR/sources_1/new/op_block_ping_pong.vhd">
      <FileInfo>
        <Attr Name="UsedIn" Val="synthesis"/>
        <Attr Name="UsedIn" Val="simulation"/>
      </FileInfo>
    </File>
    <File Path="$PSRCDIR/sources_1/new/ping_pong.vhd">
      <FileInfo>
        <Attr Name="UsedIn" Val="synthesis"/>
        <Attr Name="UsedIn" Val="simulation"/>
      </FileInfo>
    </File>
    <File Path="$PSRCDIR/sources_1/new/test_ping_pong.vhd">
      <FileInfo>
        <Attr Name="UsedIn" Val="synthesis"/>
        <Attr Name="UsedIn" Val="simulation"/>
      </FileInfo>
    </File>
    <Config>
      <Option Name="DesignMode" Val="RTL"/>
      <Option Name="TopModule" Val="test_ping_pong"/>
      <Option Name="TopAutoSet" Val="TRUE"/>
    </Config>
  </FileSet>
  <FileSet Name="constrs_in" Type="Constrs" RelSrcDir="$PSRCDIR/constrs_1">
    <Filter Type="Constrs"/>
    <File Path="$PSRCDIR/constrs_1/imports/basys3_master/Basys3_Master.xdc">
      <FileInfo>
        <Attr Name="ImportPath" Val="$PPRDIR/../../../basys3_master/Basys3_Master.xdc"/>
        <Attr Name="ImportTime" Val="1523828460"/>
        <Attr Name="UsedIn" Val="synthesis"/>
        <Attr Name="UsedIn" Val="implementation"/>
      </FileInfo>
    </File>
    <Config>
      <Option Name="ConstrsType" Val="XDC"/>
    </Config>
  </FileSet>
  <FileSet Name="utils" Type="Utils" RelSrcDir="$PSRCDIR/utils_1">
    <Filter Type="Utils"/>
    <Config>
      <Option Name="TopAutoSet" Val="TRUE"/>
    </Config>
  </FileSet>
  <Strategy Version="1" Minor="2">
    <StratHandle Name="Vivado Implementation Defaults" Flow="Vivado Implementation 2018"/>
    <Step Id="init_design"/>
    <Step Id="opt_design"/>
    <Step Id="power_opt_design"/>
    <Step Id="place_design"/>
    <Step Id="post_place_power_opt_design"/>
    <Step Id="phys_opt_design"/>
    <Step Id="route_design"/>
    <Step Id="post_route_phys_opt_design"/>
    <Step Id="write_bitstream"/>
  </Strategy>
</GenRun>
