<?xml version="1.0" encoding="UTF-8"?>
<GenRun Id="synth_1" LaunchPart="xc7a35tcpg236-1" LaunchTime="1557535893">
  <File Type="PA-TCL" Name="sens_teste.tcl"/>
  <File Type="RDS-PROPCONSTRS" Name="sens_teste_drc_synth.rpt"/>
  <File Type="REPORTS-TCL" Name="sens_teste_reports.tcl"/>
  <File Type="RDS-RDS" Name="sens_teste.vds"/>
  <File Type="RDS-UTIL" Name="sens_teste_utilization_synth.rpt"/>
  <File Type="RDS-UTIL-PB" Name="sens_teste_utilization_synth.pb"/>
  <File Type="RDS-DCP" Name="sens_teste.dcp"/>
  <File Type="VDS-TIMINGSUMMARY" Name="sens_teste_timing_summary_synth.rpt"/>
  <File Type="VDS-TIMING-PB" Name="sens_teste_timing_summary_synth.pb"/>
  <FileSet Name="sources" Type="DesignSrcs" RelSrcDir="$PSRCDIR/sources_1">
    <Filter Type="Srcs"/>
    <File Path="$PSRCDIR/sources_1/imports/simauto/fpupack.vhd">
      <FileInfo>
        <Attr Name="ImportPath" Val="$PPRDIR/../../../Circuitos_Reconfiguraveis/simauto/fpupack.vhd"/>
        <Attr Name="ImportTime" Val="1556192206"/>
        <Attr Name="UsedIn" Val="synthesis"/>
        <Attr Name="UsedIn" Val="simulation"/>
      </FileInfo>
    </File>
    <File Path="$PSRCDIR/sources_1/imports/simauto/addsubfsm_v6.vhd">
      <FileInfo>
        <Attr Name="ImportPath" Val="$PPRDIR/../../../Circuitos_Reconfiguraveis/simauto/addsubfsm_v6.vhd"/>
        <Attr Name="ImportTime" Val="1556192206"/>
        <Attr Name="UsedIn" Val="synthesis"/>
        <Attr Name="UsedIn" Val="simulation"/>
      </FileInfo>
    </File>
    <File Path="$PSRCDIR/sources_1/imports/simauto/entities.vhd">
      <FileInfo>
        <Attr Name="ImportPath" Val="$PPRDIR/../../../Circuitos_Reconfiguraveis/simauto/entities.vhd"/>
        <Attr Name="ImportTime" Val="1556192206"/>
        <Attr Name="UsedIn" Val="synthesis"/>
        <Attr Name="UsedIn" Val="simulation"/>
      </FileInfo>
    </File>
    <File Path="$PSRCDIR/sources_1/new/bloco_op_sens_iprom.vhd">
      <FileInfo>
        <Attr Name="UsedIn" Val="synthesis"/>
        <Attr Name="UsedIn" Val="simulation"/>
      </FileInfo>
    </File>
    <File Path="$PSRCDIR/sources_1/new/cov_erro.vhd">
      <FileInfo>
        <Attr Name="UsedIn" Val="synthesis"/>
        <Attr Name="UsedIn" Val="simulation"/>
      </FileInfo>
    </File>
    <File Path="$PSRCDIR/sources_1/new/display_decoder.vhd">
      <FileInfo>
        <Attr Name="UsedIn" Val="synthesis"/>
        <Attr Name="UsedIn" Val="simulation"/>
      </FileInfo>
    </File>
    <File Path="$PSRCDIR/sources_1/imports/operadorFloatingPoint/divNR.vhd">
      <FileInfo>
        <Attr Name="ImportPath" Val="$PPRDIR/../../../Circuitos_Reconfiguraveis/operadorFloatingPoint/divNR.vhd"/>
        <Attr Name="ImportTime" Val="1557277511"/>
        <Attr Name="UsedIn" Val="synthesis"/>
        <Attr Name="UsedIn" Val="simulation"/>
      </FileInfo>
    </File>
    <File Path="$PSRCDIR/sources_1/imports/operadorFloatingPoint/fixMul.vhd">
      <FileInfo>
        <Attr Name="ImportPath" Val="$PPRDIR/../../../Circuitos_Reconfiguraveis/operadorFloatingPoint/fixMul.vhd"/>
        <Attr Name="ImportTime" Val="1557277511"/>
        <Attr Name="UsedIn" Val="synthesis"/>
        <Attr Name="UsedIn" Val="simulation"/>
      </FileInfo>
    </File>
    <File Path="$PSRCDIR/sources_1/new/fsm_sens.vhd">
      <FileInfo>
        <Attr Name="UsedIn" Val="synthesis"/>
        <Attr Name="UsedIn" Val="simulation"/>
      </FileInfo>
    </File>
    <File Path="$PSRCDIR/sources_1/new/fusao.vhd">
      <FileInfo>
        <Attr Name="UsedIn" Val="synthesis"/>
        <Attr Name="UsedIn" Val="simulation"/>
      </FileInfo>
    </File>
    <File Path="$PSRCDIR/sources_1/new/ganho.vhd">
      <FileInfo>
        <Attr Name="UsedIn" Val="synthesis"/>
        <Attr Name="UsedIn" Val="simulation"/>
      </FileInfo>
    </File>
    <File Path="$PSRCDIR/sources_1/imports/simauto/multiplierfsm_v2.vhd">
      <FileInfo>
        <Attr Name="ImportPath" Val="$PPRDIR/../../../Circuitos_Reconfiguraveis/simauto/multiplierfsm_v2.vhd"/>
        <Attr Name="ImportTime" Val="1556192206"/>
        <Attr Name="UsedIn" Val="synthesis"/>
        <Attr Name="UsedIn" Val="simulation"/>
      </FileInfo>
    </File>
    <File Path="$PSRCDIR/sources_1/new/sens_top_level_iprom.vhd">
      <FileInfo>
        <Attr Name="UsedIn" Val="synthesis"/>
        <Attr Name="UsedIn" Val="simulation"/>
      </FileInfo>
    </File>
    <File Path="$PSRCDIR/sources_1/new/sensorial.vhd">
      <FileInfo>
        <Attr Name="UsedIn" Val="synthesis"/>
        <Attr Name="UsedIn" Val="simulation"/>
      </FileInfo>
    </File>
    <File Path="$PSRCDIR/sources_1/new/temp_reg.vhd">
      <FileInfo>
        <Attr Name="UsedIn" Val="synthesis"/>
        <Attr Name="UsedIn" Val="simulation"/>
      </FileInfo>
    </File>
    <File Path="$PSRCDIR/sources_1/new/sens_teste.vhd">
      <FileInfo>
        <Attr Name="UsedIn" Val="synthesis"/>
        <Attr Name="UsedIn" Val="simulation"/>
      </FileInfo>
    </File>
    <File Path="$PSRCDIR/sources_1/new/bloco_op_sens.vhd">
      <FileInfo>
        <Attr Name="AutoDisabled" Val="1"/>
        <Attr Name="UsedIn" Val="synthesis"/>
        <Attr Name="UsedIn" Val="simulation"/>
      </FileInfo>
    </File>
    <File Path="$PSRCDIR/sources_1/new/sp_ROM.vhd">
      <FileInfo>
        <Attr Name="AutoDisabled" Val="1"/>
        <Attr Name="UsedIn" Val="synthesis"/>
        <Attr Name="UsedIn" Val="simulation"/>
      </FileInfo>
    </File>
    <File Path="$PSRCDIR/sources_1/new/sens_top_level.vhd">
      <FileInfo>
        <Attr Name="AutoDisabled" Val="1"/>
        <Attr Name="UsedIn" Val="synthesis"/>
        <Attr Name="UsedIn" Val="simulation"/>
      </FileInfo>
    </File>
    <File Path="$PSRCDIR/sources_1/imports/simauto/x_ul_bin.txt">
      <FileInfo>
        <Attr Name="ImportPath" Val="$PPRDIR/../simauto/x_ul_bin.txt"/>
        <Attr Name="ImportTime" Val="1557268911"/>
      </FileInfo>
    </File>
    <File Path="$PSRCDIR/sources_1/imports/simauto/x_ir_bin.txt">
      <FileInfo>
        <Attr Name="ImportPath" Val="$PPRDIR/../simauto/x_ir_bin.txt"/>
        <Attr Name="ImportTime" Val="1557268911"/>
      </FileInfo>
    </File>
    <File Path="$PPRDIR/../simauto/x_ir_bin.coe">
      <FileInfo>
        <Attr Name="UsedIn" Val="synthesis"/>
        <Attr Name="UsedIn" Val="simulation"/>
      </FileInfo>
    </File>
    <File Path="$PPRDIR/../simauto/x_ul_bin.coe">
      <FileInfo>
        <Attr Name="UsedIn" Val="synthesis"/>
        <Attr Name="UsedIn" Val="simulation"/>
      </FileInfo>
    </File>
    <Config>
      <Option Name="DesignMode" Val="RTL"/>
      <Option Name="TopModule" Val="sens_teste"/>
    </Config>
  </FileSet>
  <FileSet Name="constrs_in" Type="Constrs" RelSrcDir="$PSRCDIR/constrs_1">
    <Filter Type="Constrs"/>
    <File Path="$PSRCDIR/constrs_1/imports/basys3_master/Basys3_Master.xdc">
      <FileInfo>
        <Attr Name="ImportPath" Val="$PPRDIR/../../../basys3_master/Basys3_Master.xdc"/>
        <Attr Name="ImportTime" Val="1523828460"/>
        <Attr Name="UsedIn" Val="synthesis"/>
        <Attr Name="UsedIn" Val="implementation"/>
      </FileInfo>
    </File>
    <Config>
      <Option Name="ConstrsType" Val="XDC"/>
    </Config>
  </FileSet>
  <FileSet Name="utils" Type="Utils" RelSrcDir="$PSRCDIR/utils_1">
    <Filter Type="Utils"/>
    <Config>
      <Option Name="TopAutoSet" Val="TRUE"/>
    </Config>
  </FileSet>
  <Strategy Version="1" Minor="2">
    <StratHandle Name="Vivado Synthesis Defaults" Flow="Vivado Synthesis 2018"/>
    <Step Id="synth_design"/>
  </Strategy>
  <BlockFileSet Type="BlockSrcs" Name="ROM_x_ir"/>
  <BlockFileSet Type="BlockSrcs" Name="ROM_x_ul"/>
</GenRun>
