<?xml version="1.0" encoding="UTF-8" ?>
<webTalkData  fileName='usage_statistics_ext_xsim.xml'  majorVersion='1' minorVersion='0' timeStamp='Thu Mar 28 09:45:47 2019'>
<section name="__ROOT__" level="0" order="1" description="">
 <section name="software_version_and_target_device" level="1" order="1" description="">
  <keyValuePair key="beta" value="FALSE" description="" />
  <keyValuePair key="build_version" value="1756540" description="" />
  <keyValuePair key="date_generated" value="Thu Mar 28 09:45:47 2019" description="" />
  <keyValuePair key="os_platform" value="WIN64" description="" />
  <keyValuePair key="product_version" value="XSIM v2016.4 (64-bit)" description="" />
  <keyValuePair key="project_id" value="0295853778f14b02a500862f9cc5327c" description="" />
  <keyValuePair key="project_iteration" value="2" description="" />
  <keyValuePair key="random_id" value="41c12dab68be5ddebc8a571309c4ec3f" description="" />
  <keyValuePair key="registration_id" value="210817025_0_0_665" description="" />
  <keyValuePair key="route_design" value="FALSE" description="" />
  <keyValuePair key="target_device" value="not_applicable" description="" />
  <keyValuePair key="target_family" value="not_applicable" description="" />
  <keyValuePair key="target_package" value="not_applicable" description="" />
  <keyValuePair key="target_speed" value="not_applicable" description="" />
  <keyValuePair key="tool_flow" value="xsim_vivado" description="" />
 </section>
 <section name="user_environment" level="1" order="2" description="">
  <keyValuePair key="cpu_name" value="Intel(R) Core(TM) i5-2500 CPU @ 3.30GHz" description="" />
  <keyValuePair key="cpu_speed" value="3292 MHz" description="" />
  <keyValuePair key="os_name" value="Microsoft Windows 7 , 64-bit" description="" />
  <keyValuePair key="os_release" value="Service Pack 1  (build 7601)" description="" />
  <keyValuePair key="system_ram" value="4.000 GB" description="" />
  <keyValuePair key="total_processors" value="1" description="" />
 </section>
 <section name="vivado_usage" level="1" order="3" description="">
 </section>
 <section name="xsim" level="1" order="4" description="">
  <section name="command_line_options" level="2" order="1" description="">
   <keyValuePair key="command" value="xsim" description="" />
  </section>
  <section name="usage" level="2" order="2" description="">
   <keyValuePair key="iteration" value="2" description="" />
   <keyValuePair key="runtime" value="1400 ns" description="" />
   <keyValuePair key="simulation_memory" value="7964_KB" description="" />
   <keyValuePair key="simulation_time" value="0.03_sec" description="" />
   <keyValuePair key="trace_waveform" value="true" description="" />
  </section>
 </section>
</section>
</webTalkData>
