<?xml version="1.0" encoding="UTF-8"?>
<GenRun Id="ROM_x_ir_synth_1" LaunchPart="xc7a35tcpg236-1" LaunchTime="1557507412">
  <File Type="PA-TCL" Name="ROM_x_ir.tcl"/>
  <File Type="REPORTS-TCL" Name="ROM_x_ir_reports.tcl"/>
  <File Type="RDS-RDS" Name="ROM_x_ir.vds"/>
  <File Type="RDS-DCP" Name="ROM_x_ir.dcp"/>
  <FileSet Name="sources" Type="BlockSrcs" RelSrcDir="$PSRCDIR/ROM_x_ir">
    <File Path="$PSRCDIR/sources_1/ip/ROM_x_ir/ROM_x_ir.xci">
      <FileInfo>
        <Attr Name="UsedIn" Val="synthesis"/>
        <Attr Name="UsedIn" Val="implementation"/>
        <Attr Name="UsedIn" Val="simulation"/>
      </FileInfo>
    </File>
    <Config>
      <Option Name="TopModule" Val="ROM_x_ir"/>
      <Option Name="UseBlackboxStub" Val="1"/>
    </Config>
  </FileSet>
  <FileSet Name="constrs_in" Type="BlockSrcs" RelSrcDir="$PSRCDIR/ROM_x_ir">
    <File Path="$PSRCDIR/sources_1/ip/ROM_x_ir/ROM_x_ir.xci">
      <FileInfo>
        <Attr Name="UsedIn" Val="synthesis"/>
        <Attr Name="UsedIn" Val="implementation"/>
        <Attr Name="UsedIn" Val="simulation"/>
      </FileInfo>
    </File>
    <Config>
      <Option Name="TopModule" Val="ROM_x_ir"/>
      <Option Name="UseBlackboxStub" Val="1"/>
    </Config>
  </FileSet>
  <FileSet Name="utils" Type="Utils" RelSrcDir="$PSRCDIR/utils_1">
    <Filter Type="Utils"/>
    <Config>
      <Option Name="TopAutoSet" Val="TRUE"/>
    </Config>
  </FileSet>
  <Strategy Version="1" Minor="2">
    <StratHandle Name="Vivado Synthesis Defaults" Flow="Vivado Synthesis 2018"/>
    <Step Id="synth_design"/>
  </Strategy>
</GenRun>
