<?xml version="1.0" encoding="UTF-8"?>
<GenRun Id="impl_1" LaunchPart="xc7a35tcpg236-1" LaunchTime="1557535893">
  <File Type="BITSTR-BMM" Name="sens_teste_bd.bmm"/>
  <File Type="OPT-METHODOLOGY-DRC" Name="sens_teste_methodology_drc_opted.rpt"/>
  <File Type="INIT-TIMING" Name="sens_teste_timing_summary_init.rpt"/>
  <File Type="ROUTE-PWR" Name="sens_teste_power_routed.rpt"/>
  <File Type="PA-TCL" Name="sens_teste.tcl"/>
  <File Type="OPT-TIMING" Name="sens_teste_timing_summary_opted.rpt"/>
  <File Type="OPT-DCP" Name="sens_teste_opt.dcp"/>
  <File Type="ROUTE-PWR-SUM" Name="sens_teste_power_summary_routed.pb"/>
  <File Type="REPORTS-TCL" Name="sens_teste_reports.tcl"/>
  <File Type="OPT-DRC" Name="sens_teste_drc_opted.rpt"/>
  <File Type="OPT-HWDEF" Name="sens_teste.hwdef"/>
  <File Type="PWROPT-DCP" Name="sens_teste_pwropt.dcp"/>
  <File Type="PWROPT-DRC" Name="sens_teste_drc_pwropted.rpt"/>
  <File Type="PWROPT-TIMING" Name="sens_teste_timing_summary_pwropted.rpt"/>
  <File Type="PLACE-DCP" Name="sens_teste_placed.dcp"/>
  <File Type="PLACE-IO" Name="sens_teste_io_placed.rpt"/>
  <File Type="PLACE-CLK" Name="sens_teste_clock_utilization_placed.rpt"/>
  <File Type="PLACE-UTIL" Name="sens_teste_utilization_placed.rpt"/>
  <File Type="PLACE-UTIL-PB" Name="sens_teste_utilization_placed.pb"/>
  <File Type="PLACE-CTRL" Name="sens_teste_control_sets_placed.rpt"/>
  <File Type="PLACE-SIMILARITY" Name="sens_teste_incremental_reuse_placed.rpt"/>
  <File Type="PLACE-PRE-SIMILARITY" Name="sens_teste_incremental_reuse_pre_placed.rpt"/>
  <File Type="BG-BGN" Name="sens_teste.bgn"/>
  <File Type="PLACE-TIMING" Name="sens_teste_timing_summary_placed.rpt"/>
  <File Type="POSTPLACE-PWROPT-DCP" Name="sens_teste_postplace_pwropt.dcp"/>
  <File Type="BG-BIN" Name="sens_teste.bin"/>
  <File Type="POSTPLACE-PWROPT-TIMING" Name="sens_teste_timing_summary_postplace_pwropted.rpt"/>
  <File Type="PHYSOPT-DCP" Name="sens_teste_physopt.dcp"/>
  <File Type="PHYSOPT-DRC" Name="sens_teste_drc_physopted.rpt"/>
  <File Type="BITSTR-MSK" Name="sens_teste.msk"/>
  <File Type="PHYSOPT-TIMING" Name="sens_teste_timing_summary_physopted.rpt"/>
  <File Type="ROUTE-ERROR-DCP" Name="sens_teste_routed_error.dcp"/>
  <File Type="ROUTE-DCP" Name="sens_teste_routed.dcp"/>
  <File Type="ROUTE-BLACKBOX-DCP" Name="sens_teste_routed_bb.dcp"/>
  <File Type="ROUTE-DRC" Name="sens_teste_drc_routed.rpt"/>
  <File Type="ROUTE-DRC-PB" Name="sens_teste_drc_routed.pb"/>
  <File Type="BITSTR-LTX" Name="debug_nets.ltx"/>
  <File Type="BITSTR-LTX" Name="sens_teste.ltx"/>
  <File Type="ROUTE-DRC-RPX" Name="sens_teste_drc_routed.rpx"/>
  <File Type="BITSTR-MMI" Name="sens_teste.mmi"/>
  <File Type="ROUTE-METHODOLOGY-DRC" Name="sens_teste_methodology_drc_routed.rpt"/>
  <File Type="ROUTE-METHODOLOGY-DRC-RPX" Name="sens_teste_methodology_drc_routed.rpx"/>
  <File Type="BITSTR-SYSDEF" Name="sens_teste.sysdef"/>
  <File Type="ROUTE-METHODOLOGY-DRC-PB" Name="sens_teste_methodology_drc_routed.pb"/>
  <File Type="ROUTE-PWR-RPX" Name="sens_teste_power_routed.rpx"/>
  <File Type="ROUTE-STATUS" Name="sens_teste_route_status.rpt"/>
  <File Type="ROUTE-STATUS-PB" Name="sens_teste_route_status.pb"/>
  <File Type="ROUTE-TIMINGSUMMARY" Name="sens_teste_timing_summary_routed.rpt"/>
  <File Type="ROUTE-TIMING-PB" Name="sens_teste_timing_summary_routed.pb"/>
  <File Type="ROUTE-TIMING-RPX" Name="sens_teste_timing_summary_routed.rpx"/>
  <File Type="ROUTE-SIMILARITY" Name="sens_teste_incremental_reuse_routed.rpt"/>
  <File Type="ROUTE-CLK" Name="sens_teste_clock_utilization_routed.rpt"/>
  <File Type="ROUTE-BUS-SKEW" Name="sens_teste_bus_skew_routed.rpt"/>
  <File Type="ROUTE-BUS-SKEW-PB" Name="sens_teste_bus_skew_routed.pb"/>
  <File Type="ROUTE-BUS-SKEW-RPX" Name="sens_teste_bus_skew_routed.rpx"/>
  <File Type="POSTROUTE-PHYSOPT-DCP" Name="sens_teste_postroute_physopt.dcp"/>
  <File Type="POSTROUTE-PHYSOPT-BLACKBOX-DCP" Name="sens_teste_postroute_physopt_bb.dcp"/>
  <File Type="POSTROUTE-PHYSOPT-TIMING" Name="sens_teste_timing_summary_postroute_physopted.rpt"/>
  <File Type="POSTROUTE-PHYSOPT-TIMING-PB" Name="sens_teste_timing_summary_postroute_physopted.pb"/>
  <File Type="POSTROUTE-PHYSOPT-TIMING-RPX" Name="sens_teste_timing_summary_postroute_physopted.rpx"/>
  <File Type="POSTROUTE-PHYSOPT-BUS-SKEW" Name="sens_teste_bus_skew_postroute_physopted.rpt"/>
  <File Type="POSTROUTE-PHYSOPT-BUS-SKEW-PB" Name="sens_teste_bus_skew_postroute_physopted.pb"/>
  <File Type="BG-BIT" Name="sens_teste.bit"/>
  <File Type="POSTROUTE-PHYSOPT-BUS-SKEW-RPX" Name="sens_teste_bus_skew_postroute_physopted.rpx"/>
  <File Type="BITSTR-RBT" Name="sens_teste.rbt"/>
  <File Type="BITSTR-NKY" Name="sens_teste.nky"/>
  <File Type="BG-DRC" Name="sens_teste.drc"/>
  <File Type="RDI-RDI" Name="sens_teste.vdi"/>
  <File Type="WBT-USG" Name="usage_statistics_webtalk.html"/>
  <FileSet Name="sources" Type="DesignSrcs" RelSrcDir="$PSRCDIR/sources_1">
    <Filter Type="Srcs"/>
    <File Path="$PSRCDIR/sources_1/imports/simauto/fpupack.vhd">
      <FileInfo>
        <Attr Name="ImportPath" Val="$PPRDIR/../../../Circuitos_Reconfiguraveis/simauto/fpupack.vhd"/>
        <Attr Name="ImportTime" Val="1556192206"/>
        <Attr Name="UsedIn" Val="synthesis"/>
        <Attr Name="UsedIn" Val="simulation"/>
      </FileInfo>
    </File>
    <File Path="$PSRCDIR/sources_1/imports/simauto/addsubfsm_v6.vhd">
      <FileInfo>
        <Attr Name="ImportPath" Val="$PPRDIR/../../../Circuitos_Reconfiguraveis/simauto/addsubfsm_v6.vhd"/>
        <Attr Name="ImportTime" Val="1556192206"/>
        <Attr Name="UsedIn" Val="synthesis"/>
        <Attr Name="UsedIn" Val="simulation"/>
      </FileInfo>
    </File>
    <File Path="$PSRCDIR/sources_1/imports/simauto/entities.vhd">
      <FileInfo>
        <Attr Name="ImportPath" Val="$PPRDIR/../../../Circuitos_Reconfiguraveis/simauto/entities.vhd"/>
        <Attr Name="ImportTime" Val="1556192206"/>
        <Attr Name="UsedIn" Val="synthesis"/>
        <Attr Name="UsedIn" Val="simulation"/>
      </FileInfo>
    </File>
    <File Path="$PSRCDIR/sources_1/new/bloco_op_sens_iprom.vhd">
      <FileInfo>
        <Attr Name="UsedIn" Val="synthesis"/>
        <Attr Name="UsedIn" Val="simulation"/>
      </FileInfo>
    </File>
    <File Path="$PSRCDIR/sources_1/new/cov_erro.vhd">
      <FileInfo>
        <Attr Name="UsedIn" Val="synthesis"/>
        <Attr Name="UsedIn" Val="simulation"/>
      </FileInfo>
    </File>
    <File Path="$PSRCDIR/sources_1/new/display_decoder.vhd">
      <FileInfo>
        <Attr Name="UsedIn" Val="synthesis"/>
        <Attr Name="UsedIn" Val="simulation"/>
      </FileInfo>
    </File>
    <File Path="$PSRCDIR/sources_1/imports/operadorFloatingPoint/divNR.vhd">
      <FileInfo>
        <Attr Name="ImportPath" Val="$PPRDIR/../../../Circuitos_Reconfiguraveis/operadorFloatingPoint/divNR.vhd"/>
        <Attr Name="ImportTime" Val="1557277511"/>
        <Attr Name="UsedIn" Val="synthesis"/>
        <Attr Name="UsedIn" Val="simulation"/>
      </FileInfo>
    </File>
    <File Path="$PSRCDIR/sources_1/imports/operadorFloatingPoint/fixMul.vhd">
      <FileInfo>
        <Attr Name="ImportPath" Val="$PPRDIR/../../../Circuitos_Reconfiguraveis/operadorFloatingPoint/fixMul.vhd"/>
        <Attr Name="ImportTime" Val="1557277511"/>
        <Attr Name="UsedIn" Val="synthesis"/>
        <Attr Name="UsedIn" Val="simulation"/>
      </FileInfo>
    </File>
    <File Path="$PSRCDIR/sources_1/new/fsm_sens.vhd">
      <FileInfo>
        <Attr Name="UsedIn" Val="synthesis"/>
        <Attr Name="UsedIn" Val="simulation"/>
      </FileInfo>
    </File>
    <File Path="$PSRCDIR/sources_1/new/fusao.vhd">
      <FileInfo>
        <Attr Name="UsedIn" Val="synthesis"/>
        <Attr Name="UsedIn" Val="simulation"/>
      </FileInfo>
    </File>
    <File Path="$PSRCDIR/sources_1/new/ganho.vhd">
      <FileInfo>
        <Attr Name="UsedIn" Val="synthesis"/>
        <Attr Name="UsedIn" Val="simulation"/>
      </FileInfo>
    </File>
    <File Path="$PSRCDIR/sources_1/imports/simauto/multiplierfsm_v2.vhd">
      <FileInfo>
        <Attr Name="ImportPath" Val="$PPRDIR/../../../Circuitos_Reconfiguraveis/simauto/multiplierfsm_v2.vhd"/>
        <Attr Name="ImportTime" Val="1556192206"/>
        <Attr Name="UsedIn" Val="synthesis"/>
        <Attr Name="UsedIn" Val="simulation"/>
      </FileInfo>
    </File>
    <File Path="$PSRCDIR/sources_1/new/sens_top_level_iprom.vhd">
      <FileInfo>
        <Attr Name="UsedIn" Val="synthesis"/>
        <Attr Name="UsedIn" Val="simulation"/>
      </FileInfo>
    </File>
    <File Path="$PSRCDIR/sources_1/new/sensorial.vhd">
      <FileInfo>
        <Attr Name="UsedIn" Val="synthesis"/>
        <Attr Name="UsedIn" Val="simulation"/>
      </FileInfo>
    </File>
    <File Path="$PSRCDIR/sources_1/new/temp_reg.vhd">
      <FileInfo>
        <Attr Name="UsedIn" Val="synthesis"/>
        <Attr Name="UsedIn" Val="simulation"/>
      </FileInfo>
    </File>
    <File Path="$PSRCDIR/sources_1/new/sens_teste.vhd">
      <FileInfo>
        <Attr Name="UsedIn" Val="synthesis"/>
        <Attr Name="UsedIn" Val="simulation"/>
      </FileInfo>
    </File>
    <File Path="$PSRCDIR/sources_1/new/bloco_op_sens.vhd">
      <FileInfo>
        <Attr Name="AutoDisabled" Val="1"/>
        <Attr Name="UsedIn" Val="synthesis"/>
        <Attr Name="UsedIn" Val="simulation"/>
      </FileInfo>
    </File>
    <File Path="$PSRCDIR/sources_1/new/sp_ROM.vhd">
      <FileInfo>
        <Attr Name="AutoDisabled" Val="1"/>
        <Attr Name="UsedIn" Val="synthesis"/>
        <Attr Name="UsedIn" Val="simulation"/>
      </FileInfo>
    </File>
    <File Path="$PSRCDIR/sources_1/new/sens_top_level.vhd">
      <FileInfo>
        <Attr Name="AutoDisabled" Val="1"/>
        <Attr Name="UsedIn" Val="synthesis"/>
        <Attr Name="UsedIn" Val="simulation"/>
      </FileInfo>
    </File>
    <File Path="$PSRCDIR/sources_1/imports/simauto/x_ul_bin.txt">
      <FileInfo>
        <Attr Name="ImportPath" Val="$PPRDIR/../simauto/x_ul_bin.txt"/>
        <Attr Name="ImportTime" Val="1557268911"/>
      </FileInfo>
    </File>
    <File Path="$PSRCDIR/sources_1/imports/simauto/x_ir_bin.txt">
      <FileInfo>
        <Attr Name="ImportPath" Val="$PPRDIR/../simauto/x_ir_bin.txt"/>
        <Attr Name="ImportTime" Val="1557268911"/>
      </FileInfo>
    </File>
    <File Path="$PPRDIR/../simauto/x_ir_bin.coe">
      <FileInfo>
        <Attr Name="UsedIn" Val="synthesis"/>
        <Attr Name="UsedIn" Val="simulation"/>
      </FileInfo>
    </File>
    <File Path="$PPRDIR/../simauto/x_ul_bin.coe">
      <FileInfo>
        <Attr Name="UsedIn" Val="synthesis"/>
        <Attr Name="UsedIn" Val="simulation"/>
      </FileInfo>
    </File>
    <Config>
      <Option Name="DesignMode" Val="RTL"/>
      <Option Name="TopModule" Val="sens_teste"/>
    </Config>
  </FileSet>
  <FileSet Name="constrs_in" Type="Constrs" RelSrcDir="$PSRCDIR/constrs_1">
    <Filter Type="Constrs"/>
    <File Path="$PSRCDIR/constrs_1/imports/basys3_master/Basys3_Master.xdc">
      <FileInfo>
        <Attr Name="ImportPath" Val="$PPRDIR/../../../basys3_master/Basys3_Master.xdc"/>
        <Attr Name="ImportTime" Val="1523828460"/>
        <Attr Name="UsedIn" Val="synthesis"/>
        <Attr Name="UsedIn" Val="implementation"/>
      </FileInfo>
    </File>
    <Config>
      <Option Name="ConstrsType" Val="XDC"/>
    </Config>
  </FileSet>
  <FileSet Name="utils" Type="Utils" RelSrcDir="$PSRCDIR/utils_1">
    <Filter Type="Utils"/>
    <Config>
      <Option Name="TopAutoSet" Val="TRUE"/>
    </Config>
  </FileSet>
  <Strategy Version="1" Minor="2">
    <StratHandle Name="Vivado Implementation Defaults" Flow="Vivado Implementation 2018"/>
    <Step Id="init_design"/>
    <Step Id="opt_design"/>
    <Step Id="power_opt_design"/>
    <Step Id="place_design"/>
    <Step Id="post_place_power_opt_design"/>
    <Step Id="phys_opt_design"/>
    <Step Id="route_design"/>
    <Step Id="post_route_phys_opt_design"/>
    <Step Id="write_bitstream"/>
  </Strategy>
  <BlockFileSet Type="BlockSrcs" Name="ROM_x_ir"/>
  <BlockFileSet Type="BlockSrcs" Name="ROM_x_ul"/>
</GenRun>
