<?xml version="1.0" encoding="UTF-8"?>
<GenRun Id="synth_1" LaunchPart="xc7a35tcpg236-1" LaunchTime="1557931680">
  <File Type="PA-TCL" Name="test_ping_pong.tcl"/>
  <File Type="RDS-PROPCONSTRS" Name="test_ping_pong_drc_synth.rpt"/>
  <File Type="REPORTS-TCL" Name="test_ping_pong_reports.tcl"/>
  <File Type="RDS-RDS" Name="test_ping_pong.vds"/>
  <File Type="RDS-UTIL" Name="test_ping_pong_utilization_synth.rpt"/>
  <File Type="RDS-UTIL-PB" Name="test_ping_pong_utilization_synth.pb"/>
  <File Type="RDS-DCP" Name="test_ping_pong.dcp"/>
  <File Type="VDS-TIMINGSUMMARY" Name="test_ping_pong_timing_summary_synth.rpt"/>
  <File Type="VDS-TIMING-PB" Name="test_ping_pong_timing_summary_synth.pb"/>
  <FileSet Name="sources" Type="DesignSrcs" RelSrcDir="$PSRCDIR/sources_1">
    <Filter Type="Srcs"/>
    <File Path="$PSRCDIR/sources_1/imports/new/display_decoder.vhd">
      <FileInfo>
        <Attr Name="ImportPath" Val="$PPRDIR/../../Prova1/funcao_sensorial/funcao_sensorial.srcs/sources_1/new/display_decoder.vhd"/>
        <Attr Name="ImportTime" Val="1557425393"/>
        <Attr Name="UsedIn" Val="synthesis"/>
        <Attr Name="UsedIn" Val="simulation"/>
      </FileInfo>
    </File>
    <File Path="$PSRCDIR/sources_1/new/fsm_ping_pong.vhd">
      <FileInfo>
        <Attr Name="UsedIn" Val="synthesis"/>
        <Attr Name="UsedIn" Val="simulation"/>
      </FileInfo>
    </File>
    <File Path="$PSRCDIR/sources_1/new/op_block_ping_pong.vhd">
      <FileInfo>
        <Attr Name="UsedIn" Val="synthesis"/>
        <Attr Name="UsedIn" Val="simulation"/>
      </FileInfo>
    </File>
    <File Path="$PSRCDIR/sources_1/new/ping_pong.vhd">
      <FileInfo>
        <Attr Name="UsedIn" Val="synthesis"/>
        <Attr Name="UsedIn" Val="simulation"/>
      </FileInfo>
    </File>
    <File Path="$PSRCDIR/sources_1/new/test_ping_pong.vhd">
      <FileInfo>
        <Attr Name="UsedIn" Val="synthesis"/>
        <Attr Name="UsedIn" Val="simulation"/>
      </FileInfo>
    </File>
    <Config>
      <Option Name="DesignMode" Val="RTL"/>
      <Option Name="TopModule" Val="test_ping_pong"/>
      <Option Name="TopAutoSet" Val="TRUE"/>
    </Config>
  </FileSet>
  <FileSet Name="constrs_in" Type="Constrs" RelSrcDir="$PSRCDIR/constrs_1">
    <Filter Type="Constrs"/>
    <File Path="$PSRCDIR/constrs_1/imports/basys3_master/Basys3_Master.xdc">
      <FileInfo>
        <Attr Name="ImportPath" Val="$PPRDIR/../../../basys3_master/Basys3_Master.xdc"/>
        <Attr Name="ImportTime" Val="1523828460"/>
        <Attr Name="UsedIn" Val="synthesis"/>
        <Attr Name="UsedIn" Val="implementation"/>
      </FileInfo>
    </File>
    <Config>
      <Option Name="ConstrsType" Val="XDC"/>
    </Config>
  </FileSet>
  <FileSet Name="utils" Type="Utils" RelSrcDir="$PSRCDIR/utils_1">
    <Filter Type="Utils"/>
    <Config>
      <Option Name="TopAutoSet" Val="TRUE"/>
    </Config>
  </FileSet>
  <Strategy Version="1" Minor="2">
    <StratHandle Name="Vivado Synthesis Defaults" Flow="Vivado Synthesis 2018"/>
    <Step Id="synth_design"/>
  </Strategy>
</GenRun>
