<?xml version="1.0" encoding="UTF-8"?>
<GenRun Id="impl_1" LaunchPart="xc7a35tcpg236-1" LaunchTime="1557934125">
  <File Type="BITSTR-BMM" Name="top_ping_pong_bd.bmm"/>
  <File Type="OPT-METHODOLOGY-DRC" Name="top_ping_pong_methodology_drc_opted.rpt"/>
  <File Type="INIT-TIMING" Name="top_ping_pong_timing_summary_init.rpt"/>
  <File Type="ROUTE-PWR" Name="top_ping_pong_power_routed.rpt"/>
  <File Type="PA-TCL" Name="top_ping_pong.tcl"/>
  <File Type="OPT-TIMING" Name="top_ping_pong_timing_summary_opted.rpt"/>
  <File Type="OPT-DCP" Name="top_ping_pong_opt.dcp"/>
  <File Type="ROUTE-PWR-SUM" Name="top_ping_pong_power_summary_routed.pb"/>
  <File Type="REPORTS-TCL" Name="top_ping_pong_reports.tcl"/>
  <File Type="OPT-DRC" Name="top_ping_pong_drc_opted.rpt"/>
  <File Type="OPT-HWDEF" Name="top_ping_pong.hwdef"/>
  <File Type="PWROPT-DCP" Name="top_ping_pong_pwropt.dcp"/>
  <File Type="PWROPT-DRC" Name="top_ping_pong_drc_pwropted.rpt"/>
  <File Type="PWROPT-TIMING" Name="top_ping_pong_timing_summary_pwropted.rpt"/>
  <File Type="PLACE-DCP" Name="top_ping_pong_placed.dcp"/>
  <File Type="PLACE-IO" Name="top_ping_pong_io_placed.rpt"/>
  <File Type="PLACE-CLK" Name="top_ping_pong_clock_utilization_placed.rpt"/>
  <File Type="PLACE-UTIL" Name="top_ping_pong_utilization_placed.rpt"/>
  <File Type="PLACE-UTIL-PB" Name="top_ping_pong_utilization_placed.pb"/>
  <File Type="PLACE-CTRL" Name="top_ping_pong_control_sets_placed.rpt"/>
  <File Type="PLACE-SIMILARITY" Name="top_ping_pong_incremental_reuse_placed.rpt"/>
  <File Type="PLACE-PRE-SIMILARITY" Name="top_ping_pong_incremental_reuse_pre_placed.rpt"/>
  <File Type="BG-BGN" Name="top_ping_pong.bgn"/>
  <File Type="PLACE-TIMING" Name="top_ping_pong_timing_summary_placed.rpt"/>
  <File Type="POSTPLACE-PWROPT-DCP" Name="top_ping_pong_postplace_pwropt.dcp"/>
  <File Type="BG-BIN" Name="top_ping_pong.bin"/>
  <File Type="POSTPLACE-PWROPT-TIMING" Name="top_ping_pong_timing_summary_postplace_pwropted.rpt"/>
  <File Type="PHYSOPT-DCP" Name="top_ping_pong_physopt.dcp"/>
  <File Type="PHYSOPT-DRC" Name="top_ping_pong_drc_physopted.rpt"/>
  <File Type="BITSTR-MSK" Name="top_ping_pong.msk"/>
  <File Type="PHYSOPT-TIMING" Name="top_ping_pong_timing_summary_physopted.rpt"/>
  <File Type="ROUTE-ERROR-DCP" Name="top_ping_pong_routed_error.dcp"/>
  <File Type="ROUTE-DCP" Name="top_ping_pong_routed.dcp"/>
  <File Type="ROUTE-BLACKBOX-DCP" Name="top_ping_pong_routed_bb.dcp"/>
  <File Type="ROUTE-DRC" Name="top_ping_pong_drc_routed.rpt"/>
  <File Type="ROUTE-DRC-PB" Name="top_ping_pong_drc_routed.pb"/>
  <File Type="BITSTR-LTX" Name="debug_nets.ltx"/>
  <File Type="BITSTR-LTX" Name="top_ping_pong.ltx"/>
  <File Type="ROUTE-DRC-RPX" Name="top_ping_pong_drc_routed.rpx"/>
  <File Type="BITSTR-MMI" Name="top_ping_pong.mmi"/>
  <File Type="ROUTE-METHODOLOGY-DRC" Name="top_ping_pong_methodology_drc_routed.rpt"/>
  <File Type="ROUTE-METHODOLOGY-DRC-RPX" Name="top_ping_pong_methodology_drc_routed.rpx"/>
  <File Type="BITSTR-SYSDEF" Name="top_ping_pong.sysdef"/>
  <File Type="ROUTE-METHODOLOGY-DRC-PB" Name="top_ping_pong_methodology_drc_routed.pb"/>
  <File Type="ROUTE-PWR-RPX" Name="top_ping_pong_power_routed.rpx"/>
  <File Type="ROUTE-STATUS" Name="top_ping_pong_route_status.rpt"/>
  <File Type="ROUTE-STATUS-PB" Name="top_ping_pong_route_status.pb"/>
  <File Type="ROUTE-TIMINGSUMMARY" Name="top_ping_pong_timing_summary_routed.rpt"/>
  <File Type="ROUTE-TIMING-PB" Name="top_ping_pong_timing_summary_routed.pb"/>
  <File Type="ROUTE-TIMING-RPX" Name="top_ping_pong_timing_summary_routed.rpx"/>
  <File Type="ROUTE-SIMILARITY" Name="top_ping_pong_incremental_reuse_routed.rpt"/>
  <File Type="ROUTE-CLK" Name="top_ping_pong_clock_utilization_routed.rpt"/>
  <File Type="ROUTE-BUS-SKEW" Name="top_ping_pong_bus_skew_routed.rpt"/>
  <File Type="ROUTE-BUS-SKEW-PB" Name="top_ping_pong_bus_skew_routed.pb"/>
  <File Type="ROUTE-BUS-SKEW-RPX" Name="top_ping_pong_bus_skew_routed.rpx"/>
  <File Type="POSTROUTE-PHYSOPT-DCP" Name="top_ping_pong_postroute_physopt.dcp"/>
  <File Type="POSTROUTE-PHYSOPT-BLACKBOX-DCP" Name="top_ping_pong_postroute_physopt_bb.dcp"/>
  <File Type="POSTROUTE-PHYSOPT-TIMING" Name="top_ping_pong_timing_summary_postroute_physopted.rpt"/>
  <File Type="POSTROUTE-PHYSOPT-TIMING-PB" Name="top_ping_pong_timing_summary_postroute_physopted.pb"/>
  <File Type="POSTROUTE-PHYSOPT-TIMING-RPX" Name="top_ping_pong_timing_summary_postroute_physopted.rpx"/>
  <File Type="POSTROUTE-PHYSOPT-BUS-SKEW" Name="top_ping_pong_bus_skew_postroute_physopted.rpt"/>
  <File Type="POSTROUTE-PHYSOPT-BUS-SKEW-PB" Name="top_ping_pong_bus_skew_postroute_physopted.pb"/>
  <File Type="BG-BIT" Name="top_ping_pong.bit"/>
  <File Type="POSTROUTE-PHYSOPT-BUS-SKEW-RPX" Name="top_ping_pong_bus_skew_postroute_physopted.rpx"/>
  <File Type="BITSTR-RBT" Name="top_ping_pong.rbt"/>
  <File Type="BITSTR-NKY" Name="top_ping_pong.nky"/>
  <File Type="BG-DRC" Name="top_ping_pong.drc"/>
  <File Type="RDI-RDI" Name="top_ping_pong.vdi"/>
  <File Type="WBT-USG" Name="usage_statistics_webtalk.html"/>
  <FileSet Name="sources" Type="DesignSrcs" RelSrcDir="$PSRCDIR/sources_1">
    <Filter Type="Srcs"/>
    <File Path="$PSRCDIR/sources_1/new/comp_score_eq_10.vhd">
      <FileInfo>
        <Attr Name="UsedIn" Val="synthesis"/>
        <Attr Name="UsedIn" Val="simulation"/>
      </FileInfo>
    </File>
    <File Path="$PSRCDIR/sources_1/new/comparator_led_eq_1.vhd">
      <FileInfo>
        <Attr Name="UsedIn" Val="synthesis"/>
        <Attr Name="UsedIn" Val="simulation"/>
      </FileInfo>
    </File>
    <File Path="$PSRCDIR/sources_1/new/comparator_led_eq_256.vhd">
      <FileInfo>
        <Attr Name="UsedIn" Val="synthesis"/>
        <Attr Name="UsedIn" Val="simulation"/>
      </FileInfo>
    </File>
    <File Path="$PSRCDIR/sources_1/new/dec.vhd">
      <FileInfo>
        <Attr Name="UsedIn" Val="synthesis"/>
        <Attr Name="UsedIn" Val="simulation"/>
      </FileInfo>
    </File>
    <File Path="$PSRCDIR/sources_1/new/fsm.vhd">
      <FileInfo>
        <Attr Name="UsedIn" Val="synthesis"/>
        <Attr Name="UsedIn" Val="simulation"/>
      </FileInfo>
    </File>
    <File Path="$PSRCDIR/sources_1/new/inc.vhd">
      <FileInfo>
        <Attr Name="UsedIn" Val="synthesis"/>
        <Attr Name="UsedIn" Val="simulation"/>
      </FileInfo>
    </File>
    <File Path="$PSRCDIR/sources_1/new/left_shift.vhd">
      <FileInfo>
        <Attr Name="UsedIn" Val="synthesis"/>
        <Attr Name="UsedIn" Val="simulation"/>
      </FileInfo>
    </File>
    <File Path="$PSRCDIR/sources_1/new/mux_2x1_4bits.vhd">
      <FileInfo>
        <Attr Name="UsedIn" Val="synthesis"/>
        <Attr Name="UsedIn" Val="simulation"/>
      </FileInfo>
    </File>
    <File Path="$PSRCDIR/sources_1/new/mux_2x1_8bits.vhd">
      <FileInfo>
        <Attr Name="UsedIn" Val="synthesis"/>
        <Attr Name="UsedIn" Val="simulation"/>
      </FileInfo>
    </File>
    <File Path="$PSRCDIR/sources_1/new/op_block.vhd">
      <FileInfo>
        <Attr Name="UsedIn" Val="synthesis"/>
        <Attr Name="UsedIn" Val="simulation"/>
      </FileInfo>
    </File>
    <File Path="$PSRCDIR/sources_1/new/reg_leds.vhd">
      <FileInfo>
        <Attr Name="UsedIn" Val="synthesis"/>
        <Attr Name="UsedIn" Val="simulation"/>
      </FileInfo>
    </File>
    <File Path="$PSRCDIR/sources_1/new/reg_score_p1.vhd">
      <FileInfo>
        <Attr Name="UsedIn" Val="synthesis"/>
        <Attr Name="UsedIn" Val="simulation"/>
      </FileInfo>
    </File>
    <File Path="$PSRCDIR/sources_1/new/reg_score_p2.vhd">
      <FileInfo>
        <Attr Name="UsedIn" Val="synthesis"/>
        <Attr Name="UsedIn" Val="simulation"/>
      </FileInfo>
    </File>
    <File Path="$PSRCDIR/sources_1/new/shift_right.vhd">
      <FileInfo>
        <Attr Name="UsedIn" Val="synthesis"/>
        <Attr Name="UsedIn" Val="simulation"/>
      </FileInfo>
    </File>
    <File Path="$PSRCDIR/sources_1/new/top_level_ping_pong.vhd">
      <FileInfo>
        <Attr Name="UsedIn" Val="synthesis"/>
        <Attr Name="UsedIn" Val="simulation"/>
      </FileInfo>
    </File>
    <File Path="$PSRCDIR/sources_1/new/deco.vhd">
      <FileInfo>
        <Attr Name="UsedIn" Val="synthesis"/>
        <Attr Name="UsedIn" Val="simulation"/>
      </FileInfo>
    </File>
    <File Path="$PSRCDIR/sources_1/new/mux_disp.vhd">
      <FileInfo>
        <Attr Name="UsedIn" Val="synthesis"/>
        <Attr Name="UsedIn" Val="simulation"/>
      </FileInfo>
    </File>
    <File Path="$PSRCDIR/sources_1/new/cnt_deco.vhd">
      <FileInfo>
        <Attr Name="UsedIn" Val="synthesis"/>
        <Attr Name="UsedIn" Val="simulation"/>
      </FileInfo>
    </File>
    <File Path="$PSRCDIR/sources_1/new/clk_div.vhd">
      <FileInfo>
        <Attr Name="UsedIn" Val="synthesis"/>
        <Attr Name="UsedIn" Val="simulation"/>
      </FileInfo>
    </File>
    <File Path="$PSRCDIR/sources_1/new/display_decoder.vhd">
      <FileInfo>
        <Attr Name="UsedIn" Val="synthesis"/>
        <Attr Name="UsedIn" Val="simulation"/>
      </FileInfo>
    </File>
    <File Path="$PSRCDIR/sources_1/new/top_ping_pong.vhd">
      <FileInfo>
        <Attr Name="UsedIn" Val="synthesis"/>
        <Attr Name="UsedIn" Val="simulation"/>
      </FileInfo>
    </File>
    <File Path="$PSRCDIR/sources_1/new/10_hz_clk.vhd">
      <FileInfo>
        <Attr Name="UsedIn" Val="synthesis"/>
        <Attr Name="UsedIn" Val="simulation"/>
      </FileInfo>
    </File>
    <Config>
      <Option Name="DesignMode" Val="RTL"/>
      <Option Name="TopModule" Val="top_ping_pong"/>
    </Config>
  </FileSet>
  <FileSet Name="constrs_in" Type="Constrs" RelSrcDir="$PSRCDIR/constrs_1">
    <Filter Type="Constrs"/>
    <File Path="$PPRDIR/../../../basys3_master/Basys3_Master.xdc">
      <FileInfo>
        <Attr Name="UsedIn" Val="synthesis"/>
        <Attr Name="UsedIn" Val="implementation"/>
      </FileInfo>
    </File>
    <Config>
      <Option Name="ConstrsType" Val="XDC"/>
    </Config>
  </FileSet>
  <FileSet Name="utils" Type="Utils" RelSrcDir="$PSRCDIR/utils_1">
    <Filter Type="Utils"/>
    <Config>
      <Option Name="TopAutoSet" Val="TRUE"/>
    </Config>
  </FileSet>
  <Strategy Version="1" Minor="2">
    <StratHandle Name="Vivado Implementation Defaults" Flow="Vivado Implementation 2016"/>
    <Step Id="init_design"/>
    <Step Id="opt_design"/>
    <Step Id="power_opt_design"/>
    <Step Id="place_design"/>
    <Step Id="post_place_power_opt_design"/>
    <Step Id="phys_opt_design"/>
    <Step Id="route_design"/>
    <Step Id="post_route_phys_opt_design"/>
    <Step Id="write_bitstream"/>
  </Strategy>
</GenRun>
