<?xml version="1.0" encoding="UTF-8" ?>
<webTalkData  fileName='usage_statistics_webtalk.xml'  majorVersion='1' minorVersion='0' timeStamp='Wed May 15 12:38:43 2019'>
<section name="__ROOT__" level="0" order="1" description="">
 <section name="software_version_and_target_device" level="1" order="1" description="">
  <keyValuePair key="beta" value="FALSE" description="" />
  <keyValuePair key="build_version" value="2405991" description="" />
  <keyValuePair key="date_generated" value="Wed May 15 12:38:43 2019" description="" />
  <keyValuePair key="os_platform" value="WIN64" description="" />
  <keyValuePair key="product_version" value="Vivado v2018.3 (64-bit)" description="" />
  <keyValuePair key="project_id" value="0295853778f14b02a500862f9cc5327c" description="" />
  <keyValuePair key="project_iteration" value="11" description="" />
  <keyValuePair key="random_id" value="5592f6eca59654379c4523ab8ef17112" description="" />
  <keyValuePair key="registration_id" value="5592f6eca59654379c4523ab8ef17112" description="" />
  <keyValuePair key="route_design" value="TRUE" description="" />
  <keyValuePair key="target_device" value="xc7a35t" description="" />
  <keyValuePair key="target_family" value="artix7" description="" />
  <keyValuePair key="target_package" value="cpg236" description="" />
  <keyValuePair key="target_speed" value="-1" description="" />
  <keyValuePair key="tool_flow" value="Vivado" description="" />
 </section>
 <section name="user_environment" level="1" order="2" description="">
  <keyValuePair key="cpu_name" value="Intel(R) Core(TM) i5 CPU       M 450  @ 2.40GHz" description="" />
  <keyValuePair key="cpu_speed" value="2394 MHz" description="" />
  <keyValuePair key="os_name" value="Microsoft Windows 7 , 64-bit" description="" />
  <keyValuePair key="os_release" value="Service Pack 1  (build 7601)" description="" />
  <keyValuePair key="system_ram" value="8.000 GB" description="" />
  <keyValuePair key="total_processors" value="1" description="" />
 </section>
 <section name="report_drc" level="1" order="3" description="">
  <section name="command_line_options" level="2" order="1" description="">
   <keyValuePair key="-append" value="default::[not_specified]" description="" />
   <keyValuePair key="-checks" value="default::[not_specified]" description="" />
   <keyValuePair key="-fail_on" value="default::[not_specified]" description="" />
   <keyValuePair key="-force" value="default::[not_specified]" description="" />
   <keyValuePair key="-format" value="default::[not_specified]" description="" />
   <keyValuePair key="-internal" value="default::[not_specified]" description="" />
   <keyValuePair key="-internal_only" value="default::[not_specified]" description="" />
   <keyValuePair key="-messages" value="default::[not_specified]" description="" />
   <keyValuePair key="-name" value="default::[not_specified]" description="" />
   <keyValuePair key="-no_waivers" value="default::[not_specified]" description="" />
   <keyValuePair key="-return_string" value="default::[not_specified]" description="" />
   <keyValuePair key="-ruledecks" value="default::[not_specified]" description="" />
   <keyValuePair key="-upgrade_cw" value="default::[not_specified]" description="" />
   <keyValuePair key="-waived" value="default::[not_specified]" description="" />
  </section>
  <section name="results" level="2" order="2" description="">
   <keyValuePair key="cfgbvs-1" value="1" description="" />
  </section>
 </section>
 <section name="report_utilization" level="1" order="4" description="">
  <section name="clocking" level="2" order="1" description="">
   <keyValuePair key="bufgctrl_available" value="32" description="" />
   <keyValuePair key="bufgctrl_fixed" value="0" description="" />
   <keyValuePair key="bufgctrl_used" value="2" description="" />
   <keyValuePair key="bufgctrl_util_percentage" value="6.25" description="" />
   <keyValuePair key="bufhce_available" value="72" description="" />
   <keyValuePair key="bufhce_fixed" value="0" description="" />
   <keyValuePair key="bufhce_used" value="0" description="" />
   <keyValuePair key="bufhce_util_percentage" value="0.00" description="" />
   <keyValuePair key="bufio_available" value="20" description="" />
   <keyValuePair key="bufio_fixed" value="0" description="" />
   <keyValuePair key="bufio_used" value="0" description="" />
   <keyValuePair key="bufio_util_percentage" value="0.00" description="" />
   <keyValuePair key="bufmrce_available" value="10" description="" />
   <keyValuePair key="bufmrce_fixed" value="0" description="" />
   <keyValuePair key="bufmrce_used" value="0" description="" />
   <keyValuePair key="bufmrce_util_percentage" value="0.00" description="" />
   <keyValuePair key="bufr_available" value="20" description="" />
   <keyValuePair key="bufr_fixed" value="0" description="" />
   <keyValuePair key="bufr_used" value="0" description="" />
   <keyValuePair key="bufr_util_percentage" value="0.00" description="" />
   <keyValuePair key="mmcme2_adv_available" value="5" description="" />
   <keyValuePair key="mmcme2_adv_fixed" value="0" description="" />
   <keyValuePair key="mmcme2_adv_used" value="0" description="" />
   <keyValuePair key="mmcme2_adv_util_percentage" value="0.00" description="" />
   <keyValuePair key="plle2_adv_available" value="5" description="" />
   <keyValuePair key="plle2_adv_fixed" value="0" description="" />
   <keyValuePair key="plle2_adv_used" value="0" description="" />
   <keyValuePair key="plle2_adv_util_percentage" value="0.00" description="" />
  </section>
  <section name="dsp" level="2" order="2" description="">
   <keyValuePair key="dsps_available" value="90" description="" />
   <keyValuePair key="dsps_fixed" value="0" description="" />
   <keyValuePair key="dsps_used" value="0" description="" />
   <keyValuePair key="dsps_util_percentage" value="0.00" description="" />
  </section>
  <section name="io_standard" level="2" order="3" description="">
   <keyValuePair key="blvds_25" value="0" description="" />
   <keyValuePair key="diff_hstl_i" value="0" description="" />
   <keyValuePair key="diff_hstl_i_18" value="0" description="" />
   <keyValuePair key="diff_hstl_ii" value="0" description="" />
   <keyValuePair key="diff_hstl_ii_18" value="0" description="" />
   <keyValuePair key="diff_hsul_12" value="0" description="" />
   <keyValuePair key="diff_mobile_ddr" value="0" description="" />
   <keyValuePair key="diff_sstl135" value="0" description="" />
   <keyValuePair key="diff_sstl135_r" value="0" description="" />
   <keyValuePair key="diff_sstl15" value="0" description="" />
   <keyValuePair key="diff_sstl15_r" value="0" description="" />
   <keyValuePair key="diff_sstl18_i" value="0" description="" />
   <keyValuePair key="diff_sstl18_ii" value="0" description="" />
   <keyValuePair key="hstl_i" value="0" description="" />
   <keyValuePair key="hstl_i_18" value="0" description="" />
   <keyValuePair key="hstl_ii" value="0" description="" />
   <keyValuePair key="hstl_ii_18" value="0" description="" />
   <keyValuePair key="hsul_12" value="0" description="" />
   <keyValuePair key="lvcmos12" value="0" description="" />
   <keyValuePair key="lvcmos15" value="0" description="" />
   <keyValuePair key="lvcmos18" value="0" description="" />
   <keyValuePair key="lvcmos25" value="0" description="" />
   <keyValuePair key="lvcmos33" value="1" description="" />
   <keyValuePair key="lvds_25" value="0" description="" />
   <keyValuePair key="lvttl" value="0" description="" />
   <keyValuePair key="mini_lvds_25" value="0" description="" />
   <keyValuePair key="mobile_ddr" value="0" description="" />
   <keyValuePair key="pci33_3" value="0" description="" />
   <keyValuePair key="ppds_25" value="0" description="" />
   <keyValuePair key="rsds_25" value="0" description="" />
   <keyValuePair key="sstl135" value="0" description="" />
   <keyValuePair key="sstl135_r" value="0" description="" />
   <keyValuePair key="sstl15" value="0" description="" />
   <keyValuePair key="sstl15_r" value="0" description="" />
   <keyValuePair key="sstl18_i" value="0" description="" />
   <keyValuePair key="sstl18_ii" value="0" description="" />
   <keyValuePair key="tmds_33" value="0" description="" />
  </section>
  <section name="memory" level="2" order="4" description="">
   <keyValuePair key="block_ram_tile_available" value="50" description="" />
   <keyValuePair key="block_ram_tile_fixed" value="0" description="" />
   <keyValuePair key="block_ram_tile_used" value="0" description="" />
   <keyValuePair key="block_ram_tile_util_percentage" value="0.00" description="" />
   <keyValuePair key="ramb18_available" value="100" description="" />
   <keyValuePair key="ramb18_fixed" value="0" description="" />
   <keyValuePair key="ramb18_used" value="0" description="" />
   <keyValuePair key="ramb18_util_percentage" value="0.00" description="" />
   <keyValuePair key="ramb36_fifo_available" value="50" description="" />
   <keyValuePair key="ramb36_fifo_fixed" value="0" description="" />
   <keyValuePair key="ramb36_fifo_used" value="0" description="" />
   <keyValuePair key="ramb36_fifo_util_percentage" value="0.00" description="" />
  </section>
  <section name="primitives" level="2" order="5" description="">
   <keyValuePair key="bufg_functional_category" value="Clock" description="" />
   <keyValuePair key="bufg_used" value="2" description="" />
   <keyValuePair key="carry4_functional_category" value="CarryLogic" description="" />
   <keyValuePair key="carry4_used" value="11" description="" />
   <keyValuePair key="fdce_functional_category" value="Flop &amp; Latch" description="" />
   <keyValuePair key="fdce_used" value="31" description="" />
   <keyValuePair key="fdpe_functional_category" value="Flop &amp; Latch" description="" />
   <keyValuePair key="fdpe_used" value="3" description="" />
   <keyValuePair key="fdre_functional_category" value="Flop &amp; Latch" description="" />
   <keyValuePair key="fdre_used" value="45" description="" />
   <keyValuePair key="ibuf_functional_category" value="IO" description="" />
   <keyValuePair key="ibuf_used" value="5" description="" />
   <keyValuePair key="ldce_functional_category" value="Flop &amp; Latch" description="" />
   <keyValuePair key="ldce_used" value="2" description="" />
   <keyValuePair key="lut1_functional_category" value="LUT" description="" />
   <keyValuePair key="lut1_used" value="5" description="" />
   <keyValuePair key="lut2_functional_category" value="LUT" description="" />
   <keyValuePair key="lut2_used" value="10" description="" />
   <keyValuePair key="lut3_functional_category" value="LUT" description="" />
   <keyValuePair key="lut3_used" value="19" description="" />
   <keyValuePair key="lut4_functional_category" value="LUT" description="" />
   <keyValuePair key="lut4_used" value="27" description="" />
   <keyValuePair key="lut5_functional_category" value="LUT" description="" />
   <keyValuePair key="lut5_used" value="8" description="" />
   <keyValuePair key="lut6_functional_category" value="LUT" description="" />
   <keyValuePair key="lut6_used" value="14" description="" />
   <keyValuePair key="obuf_functional_category" value="IO" description="" />
   <keyValuePair key="obuf_used" value="27" description="" />
  </section>
  <section name="slice_logic" level="2" order="6" description="">
   <keyValuePair key="f7_muxes_available" value="16300" description="" />
   <keyValuePair key="f7_muxes_fixed" value="0" description="" />
   <keyValuePair key="f7_muxes_used" value="0" description="" />
   <keyValuePair key="f7_muxes_util_percentage" value="0.00" description="" />
   <keyValuePair key="f8_muxes_available" value="8150" description="" />
   <keyValuePair key="f8_muxes_fixed" value="0" description="" />
   <keyValuePair key="f8_muxes_used" value="0" description="" />
   <keyValuePair key="f8_muxes_util_percentage" value="0.00" description="" />
   <keyValuePair key="lut_as_distributed_ram_fixed" value="0" description="" />
   <keyValuePair key="lut_as_distributed_ram_used" value="0" description="" />
   <keyValuePair key="lut_as_logic_available" value="20800" description="" />
   <keyValuePair key="lut_as_logic_available" value="20800" description="" />
   <keyValuePair key="lut_as_logic_fixed" value="0" description="" />
   <keyValuePair key="lut_as_logic_fixed" value="0" description="" />
   <keyValuePair key="lut_as_logic_used" value="60" description="" />
   <keyValuePair key="lut_as_logic_used" value="60" description="" />
   <keyValuePair key="lut_as_logic_util_percentage" value="0.29" description="" />
   <keyValuePair key="lut_as_logic_util_percentage" value="0.29" description="" />
   <keyValuePair key="lut_as_memory_available" value="9600" description="" />
   <keyValuePair key="lut_as_memory_available" value="9600" description="" />
   <keyValuePair key="lut_as_memory_fixed" value="0" description="" />
   <keyValuePair key="lut_as_memory_fixed" value="0" description="" />
   <keyValuePair key="lut_as_memory_used" value="0" description="" />
   <keyValuePair key="lut_as_memory_used" value="0" description="" />
   <keyValuePair key="lut_as_memory_util_percentage" value="0.00" description="" />
   <keyValuePair key="lut_as_memory_util_percentage" value="0.00" description="" />
   <keyValuePair key="lut_as_shift_register_fixed" value="0" description="" />
   <keyValuePair key="lut_as_shift_register_used" value="0" description="" />
   <keyValuePair key="lut_in_front_of_the_register_is_unused_fixed" value="0" description="" />
   <keyValuePair key="lut_in_front_of_the_register_is_unused_used" value="4" description="" />
   <keyValuePair key="lut_in_front_of_the_register_is_used_fixed" value="4" description="" />
   <keyValuePair key="lut_in_front_of_the_register_is_used_used" value="5" description="" />
   <keyValuePair key="register_as_flip_flop_available" value="41600" description="" />
   <keyValuePair key="register_as_flip_flop_fixed" value="0" description="" />
   <keyValuePair key="register_as_flip_flop_used" value="79" description="" />
   <keyValuePair key="register_as_flip_flop_util_percentage" value="0.19" description="" />
   <keyValuePair key="register_as_latch_available" value="41600" description="" />
   <keyValuePair key="register_as_latch_fixed" value="0" description="" />
   <keyValuePair key="register_as_latch_used" value="2" description="" />
   <keyValuePair key="register_as_latch_util_percentage" value="&lt;0.01" description="" />
   <keyValuePair key="register_driven_from_outside_the_slice_fixed" value="5" description="" />
   <keyValuePair key="register_driven_from_outside_the_slice_used" value="9" description="" />
   <keyValuePair key="register_driven_from_within_the_slice_fixed" value="9" description="" />
   <keyValuePair key="register_driven_from_within_the_slice_used" value="72" description="" />
   <keyValuePair key="slice_available" value="8150" description="" />
   <keyValuePair key="slice_fixed" value="0" description="" />
   <keyValuePair key="slice_luts_available" value="20800" description="" />
   <keyValuePair key="slice_luts_fixed" value="0" description="" />
   <keyValuePair key="slice_luts_used" value="60" description="" />
   <keyValuePair key="slice_luts_util_percentage" value="0.29" description="" />
   <keyValuePair key="slice_registers_available" value="41600" description="" />
   <keyValuePair key="slice_registers_available" value="41600" description="" />
   <keyValuePair key="slice_registers_fixed" value="0" description="" />
   <keyValuePair key="slice_registers_fixed" value="0" description="" />
   <keyValuePair key="slice_registers_used" value="81" description="" />
   <keyValuePair key="slice_registers_used" value="81" description="" />
   <keyValuePair key="slice_registers_util_percentage" value="0.19" description="" />
   <keyValuePair key="slice_registers_util_percentage" value="0.19" description="" />
   <keyValuePair key="slice_used" value="32" description="" />
   <keyValuePair key="slice_util_percentage" value="0.39" description="" />
   <keyValuePair key="slicel_fixed" value="0" description="" />
   <keyValuePair key="slicel_used" value="24" description="" />
   <keyValuePair key="slicem_fixed" value="0" description="" />
   <keyValuePair key="slicem_used" value="8" description="" />
   <keyValuePair key="unique_control_sets_available" value="8150" description="" />
   <keyValuePair key="unique_control_sets_fixed" value="8150" description="" />
   <keyValuePair key="unique_control_sets_used" value="12" description="" />
   <keyValuePair key="unique_control_sets_util_percentage" value="0.15" description="" />
   <keyValuePair key="using_o5_and_o6_fixed" value="0.15" description="" />
   <keyValuePair key="using_o5_and_o6_used" value="23" description="" />
   <keyValuePair key="using_o5_output_only_fixed" value="23" description="" />
   <keyValuePair key="using_o5_output_only_used" value="0" description="" />
   <keyValuePair key="using_o6_output_only_fixed" value="0" description="" />
   <keyValuePair key="using_o6_output_only_used" value="37" description="" />
  </section>
  <section name="specific_feature" level="2" order="7" description="">
   <keyValuePair key="bscane2_available" value="4" description="" />
   <keyValuePair key="bscane2_fixed" value="0" description="" />
   <keyValuePair key="bscane2_used" value="0" description="" />
   <keyValuePair key="bscane2_util_percentage" value="0.00" description="" />
   <keyValuePair key="capturee2_available" value="1" description="" />
   <keyValuePair key="capturee2_fixed" value="0" description="" />
   <keyValuePair key="capturee2_used" value="0" description="" />
   <keyValuePair key="capturee2_util_percentage" value="0.00" description="" />
   <keyValuePair key="dna_port_available" value="1" description="" />
   <keyValuePair key="dna_port_fixed" value="0" description="" />
   <keyValuePair key="dna_port_used" value="0" description="" />
   <keyValuePair key="dna_port_util_percentage" value="0.00" description="" />
   <keyValuePair key="efuse_usr_available" value="1" description="" />
   <keyValuePair key="efuse_usr_fixed" value="0" description="" />
   <keyValuePair key="efuse_usr_used" value="0" description="" />
   <keyValuePair key="efuse_usr_util_percentage" value="0.00" description="" />
   <keyValuePair key="frame_ecce2_available" value="1" description="" />
   <keyValuePair key="frame_ecce2_fixed" value="0" description="" />
   <keyValuePair key="frame_ecce2_used" value="0" description="" />
   <keyValuePair key="frame_ecce2_util_percentage" value="0.00" description="" />
   <keyValuePair key="icape2_available" value="2" description="" />
   <keyValuePair key="icape2_fixed" value="0" description="" />
   <keyValuePair key="icape2_used" value="0" description="" />
   <keyValuePair key="icape2_util_percentage" value="0.00" description="" />
   <keyValuePair key="pcie_2_1_available" value="1" description="" />
   <keyValuePair key="pcie_2_1_fixed" value="0" description="" />
   <keyValuePair key="pcie_2_1_used" value="0" description="" />
   <keyValuePair key="pcie_2_1_util_percentage" value="0.00" description="" />
   <keyValuePair key="startupe2_available" value="1" description="" />
   <keyValuePair key="startupe2_fixed" value="0" description="" />
   <keyValuePair key="startupe2_used" value="0" description="" />
   <keyValuePair key="startupe2_util_percentage" value="0.00" description="" />
   <keyValuePair key="xadc_available" value="1" description="" />
   <keyValuePair key="xadc_fixed" value="0" description="" />
   <keyValuePair key="xadc_used" value="0" description="" />
   <keyValuePair key="xadc_util_percentage" value="0.00" description="" />
  </section>
 </section>
 <section name="synthesis" level="1" order="5" description="">
  <section name="command_line_options" level="2" order="1" description="">
   <keyValuePair key="-assert" value="default::[not_specified]" description="" />
   <keyValuePair key="-bufg" value="default::12" description="" />
   <keyValuePair key="-cascade_dsp" value="default::auto" description="" />
   <keyValuePair key="-constrset" value="default::[not_specified]" description="" />
   <keyValuePair key="-control_set_opt_threshold" value="default::auto" description="" />
   <keyValuePair key="-directive" value="default::default" description="" />
   <keyValuePair key="-fanout_limit" value="default::10000" description="" />
   <keyValuePair key="-flatten_hierarchy" value="default::rebuilt" description="" />
   <keyValuePair key="-fsm_extraction" value="default::auto" description="" />
   <keyValuePair key="-gated_clock_conversion" value="default::off" description="" />
   <keyValuePair key="-generic" value="default::[not_specified]" description="" />
   <keyValuePair key="-include_dirs" value="default::[not_specified]" description="" />
   <keyValuePair key="-keep_equivalent_registers" value="default::[not_specified]" description="" />
   <keyValuePair key="-max_bram" value="default::-1" description="" />
   <keyValuePair key="-max_bram_cascade_height" value="default::-1" description="" />
   <keyValuePair key="-max_dsp" value="default::-1" description="" />
   <keyValuePair key="-max_uram" value="default::-1" description="" />
   <keyValuePair key="-max_uram_cascade_height" value="default::-1" description="" />
   <keyValuePair key="-mode" value="default::default" description="" />
   <keyValuePair key="-name" value="default::[not_specified]" description="" />
   <keyValuePair key="-no_lc" value="default::[not_specified]" description="" />
   <keyValuePair key="-no_srlextract" value="default::[not_specified]" description="" />
   <keyValuePair key="-no_timing_driven" value="default::[not_specified]" description="" />
   <keyValuePair key="-part" value="xc7a35tcpg236-1" description="" />
   <keyValuePair key="-resource_sharing" value="default::auto" description="" />
   <keyValuePair key="-retiming" value="default::[not_specified]" description="" />
   <keyValuePair key="-rtl" value="default::[not_specified]" description="" />
   <keyValuePair key="-rtl_skip_constraints" value="default::[not_specified]" description="" />
   <keyValuePair key="-rtl_skip_ip" value="default::[not_specified]" description="" />
   <keyValuePair key="-seu_protect" value="default::none" description="" />
   <keyValuePair key="-sfcu" value="default::[not_specified]" description="" />
   <keyValuePair key="-shreg_min_size" value="default::3" description="" />
   <keyValuePair key="-top" value="top_ping_pong" description="" />
   <keyValuePair key="-verilog_define" value="default::[not_specified]" description="" />
  </section>
  <section name="usage" level="2" order="2" description="">
   <keyValuePair key="elapsed" value="00:00:43s" description="" />
   <keyValuePair key="hls_ip" value="0" description="" />
   <keyValuePair key="memory_gain" value="515.855MB" description="" />
   <keyValuePair key="memory_peak" value="778.754MB" description="" />
  </section>
 </section>
 <section name="unisim_transformation" level="1" order="6" description="">
  <section name="post_unisim_transformation" level="2" order="1" description="">
   <keyValuePair key="bufg" value="2" description="" />
   <keyValuePair key="carry4" value="11" description="" />
   <keyValuePair key="fdce" value="31" description="" />
   <keyValuePair key="fdpe" value="3" description="" />
   <keyValuePair key="fdre" value="45" description="" />
   <keyValuePair key="gnd" value="3" description="" />
   <keyValuePair key="ibuf" value="5" description="" />
   <keyValuePair key="ldce" value="2" description="" />
   <keyValuePair key="lut1" value="5" description="" />
   <keyValuePair key="lut2" value="10" description="" />
   <keyValuePair key="lut3" value="19" description="" />
   <keyValuePair key="lut4" value="27" description="" />
   <keyValuePair key="lut5" value="8" description="" />
   <keyValuePair key="lut6" value="14" description="" />
   <keyValuePair key="obuf" value="27" description="" />
   <keyValuePair key="vcc" value="7" description="" />
  </section>
  <section name="pre_unisim_transformation" level="2" order="2" description="">
   <keyValuePair key="bufg" value="2" description="" />
   <keyValuePair key="carry4" value="11" description="" />
   <keyValuePair key="fdce" value="31" description="" />
   <keyValuePair key="fdpe" value="3" description="" />
   <keyValuePair key="fdre" value="45" description="" />
   <keyValuePair key="gnd" value="3" description="" />
   <keyValuePair key="ibuf" value="5" description="" />
   <keyValuePair key="ldce" value="2" description="" />
   <keyValuePair key="lut1" value="5" description="" />
   <keyValuePair key="lut2" value="10" description="" />
   <keyValuePair key="lut3" value="19" description="" />
   <keyValuePair key="lut4" value="27" description="" />
   <keyValuePair key="lut5" value="8" description="" />
   <keyValuePair key="lut6" value="14" description="" />
   <keyValuePair key="obuf" value="27" description="" />
   <keyValuePair key="vcc" value="7" description="" />
  </section>
 </section>
 <section name="vivado_usage" level="1" order="7" description="">
  <section name="gui_handlers" level="2" order="1" description="">
   <keyValuePair key="abstractcombinedpanel_add_element" value="16" description="" />
   <keyValuePair key="abstractcombinedpanel_remove_selected_elements" value="1" description="" />
   <keyValuePair key="abstractfileview_close" value="3" description="" />
   <keyValuePair key="abstractsearchablepanel_show_search" value="1" description="" />
   <keyValuePair key="addsrcwizard_specify_hdl_netlist_block_design" value="3" description="" />
   <keyValuePair key="addsrcwizard_specify_or_create_constraint_files" value="2" description="" />
   <keyValuePair key="addsrcwizard_specify_simulation_specific_hdl_files" value="1" description="" />
   <keyValuePair key="basedialog_apply" value="3" description="" />
   <keyValuePair key="basedialog_cancel" value="18" description="" />
   <keyValuePair key="basedialog_no" value="1" description="" />
   <keyValuePair key="basedialog_ok" value="309" description="" />
   <keyValuePair key="basedialog_yes" value="2" description="" />
   <keyValuePair key="cmdmsgdialog_messages" value="1" description="" />
   <keyValuePair key="cmdmsgdialog_ok" value="16" description="" />
   <keyValuePair key="cmdmsgdialog_open_messages_view" value="1" description="" />
   <keyValuePair key="constraintschooserpanel_add_files" value="1" description="" />
   <keyValuePair key="constraintschooserpanel_create_file" value="1" description="" />
   <keyValuePair key="createsrcfiledialog_file_name" value="27" description="" />
   <keyValuePair key="definemodulesdialog_define_modules_and_specify_io_ports" value="486" description="" />
   <keyValuePair key="definemodulesdialog_entity_name" value="1" description="" />
   <keyValuePair key="expruntreepanel_exp_run_tree_table" value="2" description="" />
   <keyValuePair key="filesetpanel_file_set_panel_tree" value="648" description="" />
   <keyValuePair key="floatingtopdialog_ignore_and_continue_with_invalid_top" value="1" description="" />
   <keyValuePair key="flownavigatortreepanel_flow_navigator_tree" value="205" description="" />
   <keyValuePair key="graphicalview_zoom_fit" value="72" description="" />
   <keyValuePair key="graphicalview_zoom_in" value="113" description="" />
   <keyValuePair key="graphicalview_zoom_out" value="27" description="" />
   <keyValuePair key="hcodeeditor_blank_operations" value="2" description="" />
   <keyValuePair key="hcodeeditor_diff_with" value="2" description="" />
   <keyValuePair key="hinputhandler_toggle_line_comments" value="5" description="" />
   <keyValuePair key="mainmenumgr_edit" value="8" description="" />
   <keyValuePair key="mainmenumgr_file" value="2" description="" />
   <keyValuePair key="mainmenumgr_flow" value="10" description="" />
   <keyValuePair key="mainmenumgr_help" value="2" description="" />
   <keyValuePair key="mainmenumgr_reports" value="8" description="" />
   <keyValuePair key="mainmenumgr_tools" value="10" description="" />
   <keyValuePair key="mainmenumgr_view" value="6" description="" />
   <keyValuePair key="mainmenumgr_window" value="6" description="" />
   <keyValuePair key="mainwinmenumgr_layout" value="8" description="" />
   <keyValuePair key="mainwintoolbarmgr_select_or_save_window_layout" value="2" description="" />
   <keyValuePair key="msgtreepanel_message_view_tree" value="110" description="" />
   <keyValuePair key="navigabletimingreporttab_timing_report_navigation_tree" value="5" description="" />
   <keyValuePair key="netlisttreeview_netlist_tree" value="13" description="" />
   <keyValuePair key="pacommandnames_add_sources" value="12" description="" />
   <keyValuePair key="pacommandnames_auto_connect_target" value="5" description="" />
   <keyValuePair key="pacommandnames_auto_update_hier" value="11" description="" />
   <keyValuePair key="pacommandnames_fed_toggle_routing_resources" value="1" description="" />
   <keyValuePair key="pacommandnames_goto_netlist_design" value="3" description="" />
   <keyValuePair key="pacommandnames_move_to_design_set" value="1" description="" />
   <keyValuePair key="pacommandnames_move_to_sim_set" value="1" description="" />
   <keyValuePair key="pacommandnames_open_hardware_manager" value="10" description="" />
   <keyValuePair key="pacommandnames_run_bitgen" value="12" description="" />
   <keyValuePair key="pacommandnames_run_implementation" value="2" description="" />
   <keyValuePair key="pacommandnames_set_as_top" value="6" description="" />
   <keyValuePair key="pacommandnames_simulation_live_restart" value="43" description="" />
   <keyValuePair key="pacommandnames_simulation_live_run" value="78" description="" />
   <keyValuePair key="pacommandnames_simulation_relaunch" value="1" description="" />
   <keyValuePair key="pacommandnames_simulation_run_behavioral" value="60" description="" />
   <keyValuePair key="pacommandnames_simulation_settings" value="17" description="" />
   <keyValuePair key="pacommandnames_synth_settings" value="2" description="" />
   <keyValuePair key="pacommandnames_write_config_memory_file" value="1" description="" />
   <keyValuePair key="pacommandnames_zoom_fit" value="5" description="" />
   <keyValuePair key="pacommandnames_zoom_in" value="15" description="" />
   <keyValuePair key="pacommandnames_zoom_out" value="16" description="" />
   <keyValuePair key="paviews_code" value="115" description="" />
   <keyValuePair key="paviews_device" value="26" description="" />
   <keyValuePair key="paviews_project_summary" value="75" description="" />
   <keyValuePair key="programdebugtab_open_target" value="6" description="" />
   <keyValuePair key="programdebugtab_program_device" value="11" description="" />
   <keyValuePair key="programfpgadialog_program" value="11" description="" />
   <keyValuePair key="projectdashboardview_dashboard" value="1" description="" />
   <keyValuePair key="projectdashboardview_tabbed_pane" value="2" description="" />
   <keyValuePair key="projectsettingssimulationpanel_select_testbench_top_module" value="17" description="" />
   <keyValuePair key="projectsettingssimulationpanel_tabbed_pane" value="9" description="" />
   <keyValuePair key="projecttab_close_design" value="1" description="" />
   <keyValuePair key="rdicommands_delete" value="3" description="" />
   <keyValuePair key="rdiviews_waveform_viewer" value="316" description="" />
   <keyValuePair key="removesourcesdialog_also_delete" value="2" description="" />
   <keyValuePair key="rtloptionspanel_select_top_module_of_your_design" value="1" description="" />
   <keyValuePair key="rungadget_show_warning_and_error_messages_in_messages" value="2" description="" />
   <keyValuePair key="selecttopmoduledialog_select_top_module" value="16" description="" />
   <keyValuePair key="settingsdialog_project_tree" value="1" description="" />
   <keyValuePair key="simulationforcesettingsdialog_force_value" value="51" description="" />
   <keyValuePair key="simulationforcesettingsdialog_leading_edge_value" value="23" description="" />
   <keyValuePair key="simulationforcesettingsdialog_period" value="7" description="" />
   <keyValuePair key="simulationforcesettingsdialog_trailing_edge_value" value="23" description="" />
   <keyValuePair key="simulationforcesettingsdialog_value_radix" value="28" description="" />
   <keyValuePair key="simulationliverunforcomp_specify_time_and_units" value="9" description="" />
   <keyValuePair key="simulationobjectspanel_simulation_objects_tree_table" value="171" description="" />
   <keyValuePair key="simulationscopespanel_simulate_scope_table" value="85" description="" />
   <keyValuePair key="simulationscopesview_collapse_all" value="2" description="" />
   <keyValuePair key="srcchooserpanel_add_hdl_and_netlist_files_to_your_project" value="3" description="" />
   <keyValuePair key="srcchooserpanel_create_file" value="31" description="" />
   <keyValuePair key="srcmenu_ip_hierarchy" value="10" description="" />
   <keyValuePair key="taskbanner_close" value="58" description="" />
   <keyValuePair key="touchpointsurveydialog_remind_me_later" value="6" description="" />
   <keyValuePair key="viotreetablepanel_vio_tree_table" value="8" description="" />
   <keyValuePair key="waveformnametree_waveform_name_tree" value="154" description="" />
   <keyValuePair key="waveformview_goto_last_time" value="1" description="" />
   <keyValuePair key="waveformview_goto_time_0" value="2" description="" />
   <keyValuePair key="waveformview_previous_transition" value="17" description="" />
  </section>
  <section name="java_command_handlers" level="2" order="2" description="">
   <keyValuePair key="addsources" value="34" description="" />
   <keyValuePair key="autoconnecttarget" value="5" description="" />
   <keyValuePair key="editdelete" value="3" description="" />
   <keyValuePair key="fedtoggleroutingresourcescmdhandler" value="1" description="" />
   <keyValuePair key="launchprogramfpga" value="11" description="" />
   <keyValuePair key="movetodesignset" value="1" description="" />
   <keyValuePair key="movetosimset" value="1" description="" />
   <keyValuePair key="newproject" value="1" description="" />
   <keyValuePair key="openhardwaremanager" value="12" description="" />
   <keyValuePair key="projectsettingscmdhandler" value="3" description="" />
   <keyValuePair key="runbitgen" value="12" description="" />
   <keyValuePair key="runimplementation" value="13" description="" />
   <keyValuePair key="runschematic" value="1" description="" />
   <keyValuePair key="runsynthesis" value="18" description="" />
   <keyValuePair key="savefileproxyhandler" value="3" description="" />
   <keyValuePair key="settopnode" value="9" description="" />
   <keyValuePair key="showview" value="13" description="" />
   <keyValuePair key="simulationrelaunch" value="2" description="" />
   <keyValuePair key="simulationrestart" value="43" description="" />
   <keyValuePair key="simulationrun" value="66" description="" />
   <keyValuePair key="simulationrunall" value="1" description="" />
   <keyValuePair key="simulationrunfortime" value="84" description="" />
   <keyValuePair key="simulationstep" value="1" description="" />
   <keyValuePair key="toolssettings" value="19" description="" />
   <keyValuePair key="viewlayoutcmd" value="2" description="" />
   <keyValuePair key="viewtaskimplementation" value="2" description="" />
   <keyValuePair key="viewtaskprogramanddebug" value="1" description="" />
   <keyValuePair key="viewtaskprojectmanager" value="20" description="" />
   <keyValuePair key="viewtasksimulation" value="10" description="" />
   <keyValuePair key="viewtasksynthesis" value="2" description="" />
   <keyValuePair key="zoomfit" value="5" description="" />
   <keyValuePair key="zoomin" value="15" description="" />
   <keyValuePair key="zoomout" value="17" description="" />
  </section>
  <section name="other_data" level="2" order="3" description="">
   <keyValuePair key="guimode" value="10" description="" />
  </section>
  <section name="project_data" level="2" order="4" description="">
   <keyValuePair key="constraintsetcount" value="1" description="" />
   <keyValuePair key="core_container" value="false" description="" />
   <keyValuePair key="currentimplrun" value="impl_1" description="" />
   <keyValuePair key="currentsynthesisrun" value="synth_1" description="" />
   <keyValuePair key="default_library" value="xil_defaultlib" description="" />
   <keyValuePair key="designmode" value="RTL" description="" />
   <keyValuePair key="export_simulation_activehdl" value="0" description="" />
   <keyValuePair key="export_simulation_ies" value="0" description="" />
   <keyValuePair key="export_simulation_modelsim" value="0" description="" />
   <keyValuePair key="export_simulation_questa" value="0" description="" />
   <keyValuePair key="export_simulation_riviera" value="0" description="" />
   <keyValuePair key="export_simulation_vcs" value="0" description="" />
   <keyValuePair key="export_simulation_xsim" value="0" description="" />
   <keyValuePair key="implstrategy" value="Vivado Implementation Defaults" description="" />
   <keyValuePair key="launch_simulation_activehdl" value="0" description="" />
   <keyValuePair key="launch_simulation_ies" value="0" description="" />
   <keyValuePair key="launch_simulation_modelsim" value="0" description="" />
   <keyValuePair key="launch_simulation_questa" value="0" description="" />
   <keyValuePair key="launch_simulation_riviera" value="0" description="" />
   <keyValuePair key="launch_simulation_vcs" value="0" description="" />
   <keyValuePair key="launch_simulation_xsim" value="70" description="" />
   <keyValuePair key="simulator_language" value="Mixed" description="" />
   <keyValuePair key="srcsetcount" value="22" description="" />
   <keyValuePair key="synthesisstrategy" value="Vivado Synthesis Defaults" description="" />
   <keyValuePair key="target_language" value="VHDL" description="" />
   <keyValuePair key="target_simulator" value="XSim" description="" />
   <keyValuePair key="totalimplruns" value="1" description="" />
   <keyValuePair key="totalsynthesisruns" value="1" description="" />
  </section>
 </section>
 <section name="xsim" level="1" order="8" description="">
  <section name="command_line_options" level="2" order="1" description="">
   <keyValuePair key="-sim_mode" value="default::behavioral" description="" />
   <keyValuePair key="-sim_type" value="default::" description="" />
  </section>
 </section>
</section>
</webTalkData>
