<?xml version="1.0" encoding="UTF-8"?>
<GenRun Id="synth_1" LaunchPart="xc7a35tcpg236-1" LaunchTime="1557886387">
  <File Type="PA-TCL" Name="teste_neuronio_gmbh.tcl"/>
  <File Type="RDS-PROPCONSTRS" Name="teste_neuronio_gmbh_drc_synth.rpt"/>
  <File Type="REPORTS-TCL" Name="teste_neuronio_gmbh_reports.tcl"/>
  <File Type="RDS-RDS" Name="teste_neuronio_gmbh.vds"/>
  <File Type="RDS-UTIL" Name="teste_neuronio_gmbh_utilization_synth.rpt"/>
  <File Type="RDS-UTIL-PB" Name="teste_neuronio_gmbh_utilization_synth.pb"/>
  <File Type="RDS-DCP" Name="teste_neuronio_gmbh.dcp"/>
  <File Type="VDS-TIMINGSUMMARY" Name="teste_neuronio_gmbh_timing_summary_synth.rpt"/>
  <File Type="VDS-TIMING-PB" Name="teste_neuronio_gmbh_timing_summary_synth.pb"/>
  <FileSet Name="sources" Type="DesignSrcs" RelSrcDir="$PSRCDIR/sources_1">
    <Filter Type="Srcs"/>
    <File Path="$PSRCDIR/sources_1/imports/simauto/fpupack.vhd">
      <FileInfo>
        <Attr Name="ImportPath" Val="$PPRDIR/../../../Circuitos_Reconfiguraveis/simauto/fpupack.vhd"/>
        <Attr Name="ImportTime" Val="1556192206"/>
        <Attr Name="UsedIn" Val="synthesis"/>
        <Attr Name="UsedIn" Val="simulation"/>
      </FileInfo>
    </File>
    <File Path="$PSRCDIR/sources_1/imports/simauto/addsubfsm_v6.vhd">
      <FileInfo>
        <Attr Name="ImportPath" Val="$PPRDIR/../../../Circuitos_Reconfiguraveis/simauto/addsubfsm_v6.vhd"/>
        <Attr Name="ImportTime" Val="1556192206"/>
        <Attr Name="UsedIn" Val="synthesis"/>
        <Attr Name="UsedIn" Val="simulation"/>
      </FileInfo>
    </File>
    <File Path="$PSRCDIR/sources_1/imports/simauto/entities.vhd">
      <FileInfo>
        <Attr Name="ImportPath" Val="$PPRDIR/../../../Circuitos_Reconfiguraveis/simauto/entities.vhd"/>
        <Attr Name="ImportTime" Val="1556192206"/>
        <Attr Name="UsedIn" Val="synthesis"/>
        <Attr Name="UsedIn" Val="simulation"/>
      </FileInfo>
    </File>
    <File Path="$PSRCDIR/sources_1/imports/simauto/multiplierfsm_v2.vhd">
      <FileInfo>
        <Attr Name="ImportPath" Val="$PPRDIR/../../../Circuitos_Reconfiguraveis/simauto/multiplierfsm_v2.vhd"/>
        <Attr Name="ImportTime" Val="1556192206"/>
        <Attr Name="UsedIn" Val="synthesis"/>
        <Attr Name="UsedIn" Val="simulation"/>
      </FileInfo>
    </File>
    <File Path="$PSRCDIR/sources_1/new/neuronio_gmbh.vhd">
      <FileInfo>
        <Attr Name="UsedIn" Val="synthesis"/>
        <Attr Name="UsedIn" Val="simulation"/>
      </FileInfo>
    </File>
    <File Path="$PSRCDIR/sources_1/new/teste_neuronio_gmbh.vhd">
      <FileInfo>
        <Attr Name="UsedIn" Val="synthesis"/>
        <Attr Name="UsedIn" Val="simulation"/>
      </FileInfo>
    </File>
    <Config>
      <Option Name="DesignMode" Val="RTL"/>
      <Option Name="TopModule" Val="teste_neuronio_gmbh"/>
      <Option Name="TopAutoSet" Val="TRUE"/>
    </Config>
  </FileSet>
  <FileSet Name="constrs_in" Type="Constrs" RelSrcDir="$PSRCDIR/constrs_1">
    <Filter Type="Constrs"/>
    <File Path="$PSRCDIR/constrs_1/imports/basys3_master/Basys3_Master.xdc">
      <FileInfo>
        <Attr Name="ImportPath" Val="$PPRDIR/../../../basys3_master/Basys3_Master.xdc"/>
        <Attr Name="ImportTime" Val="1554386555"/>
        <Attr Name="UsedIn" Val="synthesis"/>
        <Attr Name="UsedIn" Val="implementation"/>
      </FileInfo>
    </File>
    <Config>
      <Option Name="ConstrsType" Val="XDC"/>
    </Config>
  </FileSet>
  <FileSet Name="utils" Type="Utils" RelSrcDir="$PSRCDIR/utils_1">
    <Filter Type="Utils"/>
    <Config>
      <Option Name="TopAutoSet" Val="TRUE"/>
    </Config>
  </FileSet>
  <Strategy Version="1" Minor="2">
    <StratHandle Name="Vivado Synthesis Defaults" Flow="Vivado Synthesis 2018"/>
    <Step Id="synth_design"/>
  </Strategy>
</GenRun>
