<?xml version="1.0"?>
<Runs Version="1" Minor="0">
	<Run Id="ROM_x_ir_synth_1" LaunchDir="C:/Users/Leonardo/Documents/Arquivos Leonardo/UnB/9 Semestre/Projeto de Circuitos Reconfiguraveis/PCR/Prova1/funcao_sensorial/funcao_sensorial.runs/ROM_x_ir_synth_1" FlowId="Vivado_Synthesis" FromStepId="vivado" ToStepId="vivado"/>
	<Run Id="ROM_x_ul_synth_1" LaunchDir="C:/Users/Leonardo/Documents/Arquivos Leonardo/UnB/9 Semestre/Projeto de Circuitos Reconfiguraveis/PCR/Prova1/funcao_sensorial/funcao_sensorial.runs/ROM_x_ul_synth_1" FlowId="Vivado_Synthesis" FromStepId="vivado" ToStepId="vivado"/>
	<Run Id="synth_1" LaunchDir="C:/Users/Leonardo/Documents/Arquivos Leonardo/UnB/9 Semestre/Projeto de Circuitos Reconfiguraveis/PCR/Prova1/funcao_sensorial/funcao_sensorial.runs/synth_1" FlowId="Vivado_Synthesis" FromStepId="vivado" ToStepId="vivado">
		<Parent Id="ROM_x_ir_synth_1"/>
		<Parent Id="ROM_x_ul_synth_1"/>
	</Run>
	<Run Id="impl_1" LaunchDir="C:/Users/Leonardo/Documents/Arquivos Leonardo/UnB/9 Semestre/Projeto de Circuitos Reconfiguraveis/PCR/Prova1/funcao_sensorial/funcao_sensorial.runs/impl_1" FlowId="Vivado_Implementation" FromStepId="init_design" ToStepId="write_bitstream">
		<Parent Id="synth_1"/>
		<Parent Id="ROM_x_ir_synth_1"/>
		<Parent Id="ROM_x_ul_synth_1"/>
	</Run>
	<Parameters>
		<Parameter Name="runs.monitorLSFJobs" Val="true" Type="bool"/>
	</Parameters>
</Runs>

